{"CookieSPAEnabled":false,"CookieSameSiteNoneEnabled":false,"CookieV2CSPEnabled":false,"MultiVariantTestingEnabled":false,"UseV2":true,"MobileSDK":false,"SkipGeolocation":false,"ScriptType":"PRODUCTION","Version":"6.37.0","OptanonDataJSON":"4d1e8e2d-74ab-41e2-adae-acd091a3d064","GeolocationUrl":"https://geolocation.onetrust.com/cookieconsentpub/v1/geo/location","BulkDomainCheckUrl":"https://cookies-data.onetrust.io/bannersdk/v1/domaingroupcheck","RuleSet":[{"Id":"759e2235-79a8-491f-83b9-59c76ca617d7","Name":"Global Audience","Countries":["pr","ps","pw","py","qa","ad","ae","af","ag","ai","al","am","ao","aq","ar","as","au","aw","az","ba","bb","rs","bd","ru","bf","rw","bh","bi","bj","bl","bm","bn","bo","sa","bq","sb","br","sc","bs","sd","bt","bv","sg","bw","sh","by","sj","bz","sl","sn","so","ca","sr","cc","ss","st","cd","cf","sv","cg","sx","ch","sy","ci","sz","ck","cl","cm","cn","co","tc","cr","td","cu","tf","tg","cv","th","cw","cx","tj","tk","tl","tm","tn","to","tr","tt","tv","tw","dj","tz","dm","do","ua","ug","dz","um","ec","eg","eh","uy","uz","va","vc","er","et","ve","vg","vi","vn","vu","fj","fk","fm","fo","wf","ga","gb","ws","gd","ge","gg","gh","gi","gl","gm","gn","gq","gs","gt","gu","gw","gy","hk","hm","hn","ye","ht","id","il","im","in","io","za","iq","ir","zm","je","zw","jm","jo","jp","ke","kg","kh","ki","km","kn","kp","kr","kw","ky","kz","la","lb","lc","lk","lr","ls","ly","ma","md","me","mg","mh","mk","ml","mm","mn","mo","mp","mr","ms","mu","mv","mw","mx","my","mz","na","nc","ne","nf","ng","ni","np","nr","nu","nz","om","pa","pe","pf","pg","ph","pk","pm","pn"],"States":{},"LanguageSwitcherPlaceholder":{"de":"de","default":"en","ja":"ja","fr":"fr"},"BannerPushesDown":false,"Default":true,"Global":true,"Type":"GDPR","UseGoogleVendors":false,"VariantEnabled":false,"TestEndTime":null,"Variants":[],"TemplateName":"GDPR Custom Template","Conditions":[],"GCEnable":true},{"Id":"a4f51715-32b4-4bb7-8f03-41d90381aa57","Name":"United States","Countries":["us"],"States":{},"LanguageSwitcherPlaceholder":{"default":"en"},"BannerPushesDown":false,"Default":false,"Global":false,"Type":"GENERIC","UseGoogleVendors":false,"VariantEnabled":false,"TestEndTime":null,"Variants":[],"TemplateName":"US Template","Conditions":[],"GCEnable":true},{"Id":"3a77837d-3511-45a0-a083-ea3db8a56fcf","Name":"California","Countries":[],"States":{"us":["ca"]},"LanguageSwitcherPlaceholder":{"default":"en"},"BannerPushesDown":false,"Default":false,"Global":false,"Type":"CCPA","UseGoogleVendors":false,"VariantEnabled":false,"TestEndTime":null,"Variants":[],"TemplateName":"US (CCPA Template)","Conditions":[],"GCEnable":true}],"IabData":{"cookieVersion":"1","createdTime":"2022-08-09T15:39:28.880805","updatedTime":"2022-08-09T15:39:28.880813","cmpId":"28","cmpVersion":"1","consentScreen":"1","consentLanguage":null,"vendorListVersion":0,"maxVendorId":0,"encodingType":"0","globalVendorListUrl":"https://cookie-cdn.cookiepro.com/vendorlist/iabData.json"},"IabV2Data":{"cookieVersion":"1","createdTime":"2022-08-09T15:39:28.919615","updatedTime":"2022-08-09T15:39:28.919623","cmpId":"28","cmpVersion":"1","consentScreen":"1","consentLanguage":null,"vendorListVersion":0,"maxVendorId":0,"encodingType":"0","globalVendorListUrl":"https://cookie-cdn.cookiepro.com/vendorlist/iab2Data.json"},"GoogleData":{"vendorListVersion":1,"googleVendorListUrl":"https://cookie-cdn.cookiepro.com/vendorlist/googleData.json"},"ScriptDynamicLoadEnabled":false,"TenantFeatures":{"CookieV2BannerFocus":true,"CookieV2GPC":true,"CookieV2AssignTemplateRule":true,"CookieV2GeolocationJsonApi":true,"CookieV2TCF21":true,"CookieV2GeneralVendors":true},"IsSuppressBanner":false,"IsSuppressPC":false,"PublisherCC":"UK","Domain":"corp.narvar.com","TenantGuid":"0acedcff-12cd-40c2-931b-2e070ac23082","EnvId":"cookiepro-prod","RemoteActionsEnabled":false,"GeoRuleGroupName":"Default Audiences","GATrackToggle":true,"GATrackAssignedCategory":"AS"}