{"CookieSPAEnabled":false,"MultiVariantTestingEnabled":false,"UseV2":true,"MobileSDK":false,"SkipGeolocation":false,"ScriptType":"PRODUCTION","Version":"6.33.0","OptanonDataJSON":"bf221547-3000-47ae-8efd-ceaf61a86376","GeolocationUrl":"https://geolocation.onetrust.com/cookieconsentpub/v1/geo/location","BulkDomainCheckUrl":"https://cookies-data.onetrust.io/bannersdk/v1/domaingroupcheck","RuleSet":[{"Id":"aff64bfa-8705-4ad2-8a47-4dfc4018c8a4","Name":"Global","Countries":["pr","ps","pw","py","qa","ad","ae","af","ag","ai","al","am","ao","aq","ar","as","au","aw","az","ba","bb","rs","bd","ru","bf","rw","bh","bi","bj","bl","bm","bn","bo","sa","sb","bq","sc","br","sd","bs","bt","sg","bv","sh","bw","by","sj","bz","sl","sn","so","ca","sr","ss","cc","cd","st","sv","cf","cg","ch","sx","sy","ci","sz","ck","cl","cm","cn","co","cr","tc","td","cu","tf","tg","cv","th","cw","cx","tj","tk","tl","tm","tn","to","tr","tt","tv","tw","tz","dj","dm","do","ua","ug","dz","um","ec","us","eg","eh","uy","uz","va","er","vc","et","ve","vg","vi","vn","vu","fj","fk","fm","fo","wf","ga","gb","ws","gd","ge","gg","gh","gi","gl","gm","gn","gq","gs","gt","gu","gw","gy","hk","hm","hn","ye","ht","id","il","im","in","io","za","iq","ir","zm","je","zw","jm","jo","jp","ke","kg","kh","ki","km","kn","kp","kr","kw","ky","kz","la","lb","lc","lk","lr","ls","ly","ma","md","me","mg","mh","mk","ml","mm","mn","mo","mp","mr","ms","mu","mv","mw","mx","my","mz","na","nc","ne","nf","ng","ni","np","nr","nu","nz","om","pa","pe","pf","pg","ph","pk","pm","pn"],"States":{},"LanguageSwitcherPlaceholder":{"default":"en"},"BannerPushesDown":false,"Default":true,"Global":true,"Type":"GDPR","UseGoogleVendors":false,"VariantEnabled":false,"TestEndTime":null,"Variants":[],"TemplateName":"GDPR Template (Mercury)","Conditions":[],"GCEnable":false}],"IabData":{"cookieVersion":"1","createdTime":"2022-04-05T16:02:23.300139","updatedTime":"2022-04-05T16:02:23.300165","cmpId":"28","cmpVersion":"1","consentScreen":"1","consentLanguage":null,"vendorListVersion":0,"maxVendorId":0,"encodingType":"0","globalVendorListUrl":"https://cdn.cookielaw.org/vendorlist/iabData.json"},"IabV2Data":{"cookieVersion":"1","createdTime":"2022-04-05T16:02:23.350959","updatedTime":"2022-04-05T16:02:23.350966","cmpId":"28","cmpVersion":"1","consentScreen":"1","consentLanguage":null,"vendorListVersion":0,"maxVendorId":0,"encodingType":"0","globalVendorListUrl":"https://cdn.cookielaw.org/vendorlist/iab2Data.json"},"GoogleData":{"vendorListVersion":1,"googleVendorListUrl":"https://cdn.cookielaw.org/vendorlist/googleData.json"},"ScriptDynamicLoadEnabled":false,"TenantFeatures":{"CookieV2BannerFocus":true,"CookieV2TargetedTemplates":true,"CookieV2GPC":true,"CookieV2AssignTemplateRule":true,"CookieV2GeolocationJsonApi":true,"CookieV2TCF21":true,"CookieV2GeneralVendors":true},"IsSuppressBanner":true,"IsSuppressPC":true,"PublisherCC":"DE","Domain":"evri.com","TenantGuid":"b1f82cf6-4106-4dce-a022-8a2dd0663472","EnvId":"app-de-prod","RemoteActionsEnabled":false,"GeoRuleGroupName":"New Consent Policy"}