device,subject,run,EXTRA_VOLTAGE,BATTERY_PROPERTY_CURRENT_NOW,Energy trapz (J),Energy simple (J),Avg power (W)
http-192-168-88-177-8000-commerce-bestbuy-vendor-www-bestbuy-com,chrome,0,4242.155555555555,-111.0,0.0053845580250000006,0.005402044759222211,0.0005684567777777766
http-192-168-88-177-8000-commerce-bestbuy-vendor-www-bestbuy-com,chrome,1,4260.0,-160.0,0.006417945600000001,0.00641794559999999,0.0006815999999999989
http-192-168-88-177-8000-commerce-bestbuy-vendor-www-bestbuy-com,chrome,2,4246.0,-150.0,0.006005330100000001,0.006005330100000009,0.0006369000000000009
http-192-168-88-177-8000-commerce-bestbuy-vendor-www-bestbuy-com,firefox,0,4263.681818181818,-172.76136363636363,0.006930581328499998,0.006919303280625004,0.0007357047613636369
http-192-168-88-177-8000-commerce-bestbuy-vendor-www-bestbuy-com,firefox,1,4311.0,12.0,0.00048716024399999994,0.00048716024399999994,5.173199999999999e-05
http-192-168-88-177-8000-commerce-bestbuy-vendor-www-bestbuy-com,firefox,2,4242.0,-154.0,0.006199513320000001,0.00619951331999999,0.000653267999999999
http-192-168-88-177-8000-commerce-bestbuy-vendor-www-bestbuy-com,opera,0,4245.0,-256.0,0.010359701760000001,0.010359701759999996,0.0010867199999999996
http-192-168-88-177-8000-commerce-bestbuy-vendor-www-bestbuy-com,opera,1,4291.23595505618,-26.97752808988764,0.002040985324,0.002062574657617977,0.00021652053932584266
http-192-168-88-177-8000-commerce-bestbuy-vendor-www-bestbuy-com,opera,2,4311.0,138.0,0.005667188868,0.005667188867999999,0.0005949179999999999
http-192-168-88-177-8000-commerce-bestbuy-www-bestbuy-com,chrome,0,4265.0,-147.0,0.005901527414999999,0.00590152741499999,0.0006269549999999989
http-192-168-88-177-8000-commerce-bestbuy-www-bestbuy-com,chrome,1,4297.795454545455,-362.3636363636364,0.014721546459999998,0.014700044807000028,0.001557868250000003
http-192-168-88-177-8000-commerce-bestbuy-www-bestbuy-com,chrome,2,4257.5,163.70454545454547,0.006557784092,0.006560330849090907,0.0006970177272727269
http-192-168-88-177-8000-commerce-bestbuy-www-bestbuy-com,firefox,0,4199.0,-737.0,0.029634492888000002,0.02963449288799998,0.003094662999999998
http-192-168-88-177-8000-commerce-bestbuy-www-bestbuy-com,firefox,1,4196.066666666667,-635.6,0.026431584435000002,0.02632668544999998,0.002778541999999998
http-192-168-88-177-8000-commerce-bestbuy-www-bestbuy-com,firefox,2,4243.284090909091,-252.4090909090909,0.013607490650000002,0.013628358703090895,0.0014455195909090892
http-192-168-88-177-8000-commerce-bestbuy-www-bestbuy-com,opera,0,4251.175824175824,-382.25274725274727,0.021404629443000003,0.021382885291351666,0.002217451549450551
http-192-168-88-177-8000-commerce-bestbuy-www-bestbuy-com,opera,1,4286.179775280899,-164.97752808988764,0.008252204084,0.008239046020674157,0.0008656278651685392
http-192-168-88-177-8000-commerce-bestbuy-www-bestbuy-com,opera,2,4235.954545454545,-235.63636363636363,0.009352247295999996,0.009372363839999988,0.0009938879999999988
http-192-168-88-177-8000-commerce-jimdo-vendor-www-jimdo-com,chrome,0,4270.568181818182,57.31818181818182,0.0033752357964999995,0.0033845788222500043,0.0003607139318181823
http-192-168-88-177-8000-commerce-jimdo-vendor-www-jimdo-com,chrome,1,4300.420454545455,4.590909090909091,0.0030776959479999998,0.0030674089090909178,0.00032604261363636456
http-192-168-88-177-8000-commerce-jimdo-vendor-www-jimdo-com,chrome,2,4252.056818181818,-171.95454545454547,0.0068686987425,0.006862839562738626,0.0007286165795454534
http-192-168-88-177-8000-commerce-jimdo-vendor-www-jimdo-com,firefox,0,4206.625,-595.6363636363636,0.023626587685499995,0.023537834241340858,0.002503492261363631
http-192-168-88-177-8000-commerce-jimdo-vendor-www-jimdo-com,firefox,1,4251.227272727273,150.3068181818182,0.005985364121999999,0.005991960860352274,0.0006390061704545456
http-192-168-88-177-8000-commerce-jimdo-vendor-www-jimdo-com,firefox,2,4188.727272727273,-576.1136363636364,0.022721127642999998,0.022623399068000042,0.0024111050909090955
http-192-168-88-177-8000-commerce-jimdo-vendor-www-jimdo-com,opera,0,4310.183908045977,111.62068965517241,0.0044944172565,0.004479844442298845,0.00048118629885057415
http-192-168-88-177-8000-commerce-jimdo-vendor-www-jimdo-com,opera,1,4217.75,-459.90909090909093,0.018228251874000005,0.01821770412236367,0.001936817363636367
http-192-168-88-177-8000-commerce-jimdo-vendor-www-jimdo-com,opera,2,4294.909090909091,95.45454545454545,0.0039047946000000007,0.003864843772363642,0.0004112410909090915
http-192-168-88-177-8000-commerce-jimdo-www-jimdo-com,chrome,0,4240.0,139.86363636363637,0.00608708392,0.0060826608290909,0.0006454436363636355
http-192-168-88-177-8000-commerce-jimdo-www-jimdo-com,chrome,1,4257.0,-195.0,0.00783794583,0.007837945830000003,0.0008301150000000004
http-192-168-88-177-8000-commerce-jimdo-www-jimdo-com,chrome,2,4294.883720930233,38.91860465116279,0.0015409643325000003,0.001544905773023258,0.00016756027906976768
http-192-168-88-177-8000-commerce-jimdo-www-jimdo-com,firefox,0,4257.0,-195.0,0.00789937434,0.007899374340000005,0.0008301150000000005
http-192-168-88-177-8000-commerce-jimdo-www-jimdo-com,firefox,1,4257.0,-157.0,0.006369365969999999,0.006369365969999991,0.0006683489999999991
http-192-168-88-177-8000-commerce-jimdo-www-jimdo-com,firefox,2,4289.528089887641,-59.06741573033708,0.005907186333,0.005920054416303359,0.0006206158314606729
http-192-168-88-177-8000-commerce-jimdo-www-jimdo-com,opera,0,4256.875,-337.1136363636364,0.013565177426999999,0.013546858764954544,0.0014344407840909089
http-192-168-88-177-8000-commerce-jimdo-www-jimdo-com,opera,1,4257.0,-163.0,0.0066197201399999985,0.006619720140000006,0.0006938910000000007
http-192-168-88-177-8000-commerce-jimdo-www-jimdo-com,opera,2,4257.0,-161.0,0.006548777235,0.006548777235000008,0.0006853770000000008
http-192-168-88-177-8000-commerce-shopify-vendor-www-shopify-com-ppc-ecommerce-html,chrome,0,4303.75,-250.11363636363637,0.010120419183999998,0.010116141945159106,0.0010765288863636379
http-192-168-88-177-8000-commerce-shopify-vendor-www-shopify-com-ppc-ecommerce-html,chrome,1,4238.215909090909,-357.04545454545456,0.014194912991999998,0.01419863364695452,0.0015087274090909064
http-192-168-88-177-8000-commerce-shopify-vendor-www-shopify-com-ppc-ecommerce-html,chrome,2,4306.204545454545,147.63636363636363,0.006026280666,0.005987305267999991,0.0006358650454545445
http-192-168-88-177-8000-commerce-shopify-vendor-www-shopify-com-ppc-ecommerce-html,firefox,0,4259.0,-169.06741573033707,0.0067630258125,0.006850632987887635,0.0007200581235955051
http-192-168-88-177-8000-commerce-shopify-vendor-www-shopify-com-ppc-ecommerce-html,firefox,1,4296.545454545455,61.55681818181818,0.0024670248099999998,0.0024889124812500062,0.0002646371590909098
http-192-168-88-177-8000-commerce-shopify-vendor-www-shopify-com-ppc-ecommerce-html,firefox,2,4259.0,-151.0,0.006055514344000001,0.00605551434400001,0.000643109000000001
http-192-168-88-177-8000-commerce-shopify-vendor-www-shopify-com-ppc-ecommerce-html,opera,0,4293.079545454545,142.54545454545453,0.005797016220000002,0.005781837633000012,0.0006126125909090922
http-192-168-88-177-8000-commerce-shopify-vendor-www-shopify-com-ppc-ecommerce-html,opera,1,4256.0,-226.0,0.009044331968,0.009044331967999985,0.0009618559999999983
http-192-168-88-177-8000-commerce-shopify-vendor-www-shopify-com-ppc-ecommerce-html,opera,2,4295.056179775281,23.292134831460675,0.004277553987,0.004261285488269657,0.0004473320898876399
http-192-168-88-177-8000-commerce-shopify-www-shopify-com-ppc-ecommerce-html,chrome,0,4264.247191011236,-14.202247191011235,0.0038408967,0.0038511730390112324,0.0004044924943820221
http-192-168-88-177-8000-commerce-shopify-www-shopify-com-ppc-ecommerce-html,chrome,1,4312.0,31.0,0.0012595912560000005,0.0012595912559999977,0.00013367199999999975
http-192-168-88-177-8000-commerce-shopify-www-shopify-com-ppc-ecommerce-html,chrome,2,4288.170454545455,149.45454545454547,0.006792564136500001,0.0067717660334318105,0.0007202473977272719
http-192-168-88-177-8000-commerce-shopify-www-shopify-com-ppc-ecommerce-html,firefox,0,4279.550561797752,-30.04494382022472,0.0024583847520000006,0.0024843610854831514,0.00026126417977528145
http-192-168-88-177-8000-commerce-shopify-www-shopify-com-ppc-ecommerce-html,firefox,1,4311.0,137.0,0.005625531675000002,0.005625531675000001,0.000590607
http-192-168-88-177-8000-commerce-shopify-www-shopify-com-ppc-ecommerce-html,firefox,2,4248.0,-104.0,0.004206301632,0.004206301632000006,0.00044179200000000064
http-192-168-88-177-8000-commerce-shopify-www-shopify-com-ppc-ecommerce-html,opera,0,4293.840909090909,149.3068181818182,0.006055073723500001,0.006051601520250007,0.0006411953295454553
http-192-168-88-177-8000-commerce-shopify-www-shopify-com-ppc-ecommerce-html,opera,1,4294.818181818182,-37.34090909090909,0.001512499415,0.0015125444590909098,0.00016036306818181825
http-192-168-88-177-8000-commerce-shopify-www-shopify-com-ppc-ecommerce-html,opera,2,4229.852272727273,129.375,0.005171141249999999,0.0051615498854545375,0.0005467743522727265
http-192-168-88-177-8000-commerce-target-vendor-www-target-com,chrome,0,4269.363636363636,-338.27272727272725,0.013440542721999996,0.013484246168999998,0.001440163
http-192-168-88-177-8000-commerce-target-vendor-www-target-com,chrome,1,4311.0,135.0,0.00547182297,0.00547182297,0.000581985
http-192-168-88-177-8000-commerce-target-vendor-www-target-com,chrome,2,4228.6,-126.04444444444445,0.0050712256445000015,0.005086132005733336,0.0005334730444444447
http-192-168-88-177-8000-commerce-target-vendor-www-target-com,firefox,0,4248.0,-13.0,0.000521425008,0.0005214250080000008,5.522400000000008e-05
http-192-168-88-177-8000-commerce-target-vendor-www-target-com,firefox,1,4252.31914893617,-242.5531914893617,0.012759380336000001,0.012717202261276601,0.0012769557446808517
http-192-168-88-177-8000-commerce-target-vendor-www-target-com,firefox,2,4263.0,-126.0,0.005353117307999999,0.005353117307999995,0.0005371379999999996
http-192-168-88-177-8000-commerce-target-vendor-www-target-com,opera,0,4293.295454545455,48.11363636363637,0.0037829720649999996,0.0037630607607954604,0.0003988405681818188
http-192-168-88-177-8000-commerce-target-vendor-www-target-com,opera,1,4275.912087912088,-436.43956043956047,0.017791959436,0.01779299833457141,0.0018656808571428552
http-192-168-88-177-8000-commerce-target-vendor-www-target-com,opera,2,4166.692307692308,-690.2527472527472,0.027583419562000007,0.027478033266022023,0.002862593318681323
http-192-168-88-177-8000-commerce-target-www-target-com,chrome,0,4216.426966292135,-347.9325842696629,0.013922974895999998,0.01389618406840452,0.0014672351460674185
http-192-168-88-177-8000-commerce-target-www-target-com,chrome,1,4280.277777777777,-336.73333333333335,0.014624787875999997,0.01457468803033333,0.0015304723333333331
http-192-168-88-177-8000-commerce-target-www-target-com,chrome,2,4214.921348314607,-477.07865168539325,0.021765508621999996,0.02170214671244945,0.0023043264719101136
http-192-168-88-177-8000-commerce-target-www-target-com,firefox,0,4303.112359550561,-170.20224719101122,0.008150795284499999,0.008251032426674163,0.000870270269662922
http-192-168-88-177-8000-commerce-target-www-target-com,firefox,1,4274.461538461538,-163.53846153846155,0.014322496033999998,0.014220916671923087,0.001474434076923078
http-192-168-88-177-8000-commerce-target-www-target-com,firefox,2,4298.673913043478,65.34782608695652,0.007442128071,0.0074744535175434775,0.0007700065434782607
http-192-168-88-177-8000-commerce-target-www-target-com,opera,0,4296.348314606742,58.26966292134831,0.0023532101999999997,0.0023748415528089834,0.00025040505617977474
http-192-168-88-177-8000-commerce-target-www-target-com,opera,1,4310.0,126.0,0.005185679939999998,0.005185679939999996,0.0005430599999999996
http-192-168-88-177-8000-commerce-target-www-target-com,opera,2,4278.865168539326,0.47191011235955055,0.005481285463000001,0.00548001099485394,0.0005837872584269671
http-192-168-88-177-8000-commerce-woocommerce-vendor-woocommerce-com,chrome,0,4258.337078651685,-217.67415730337078,0.0087637633785,0.008741600897258414,0.0009270973483146053
http-192-168-88-177-8000-commerce-woocommerce-vendor-woocommerce-com,chrome,1,4186.363636363636,-639.0,0.025080178095,0.025084284831818206,0.002675086363636366
http-192-168-88-177-8000-commerce-woocommerce-vendor-woocommerce-com,chrome,2,4270.730337078651,1.5168539325842696,0.0023030041005,0.0022974315463820173,0.0002422428876404489
http-192-168-88-177-8000-commerce-woocommerce-vendor-woocommerce-com,firefox,0,4188.010638297872,-612.0531914893617,0.025446916076499997,0.02537022974912761,0.0025528506489361654
http-192-168-88-177-8000-commerce-woocommerce-vendor-woocommerce-com,firefox,1,4294.965909090909,-107.6590909090909,0.008908818792,0.008934988562,0.0009489155227272726
http-192-168-88-177-8000-commerce-woocommerce-vendor-woocommerce-com,firefox,2,4275.70786516854,-126.56179775280899,0.0121984169445,0.012190292405168534,0.0012892958651685388
http-192-168-88-177-8000-commerce-woocommerce-vendor-woocommerce-com,opera,0,4236.865168539326,-17.415730337078653,0.0006554085319999995,0.0006937480951685393,7.376375280898876e-05
http-192-168-88-177-8000-commerce-woocommerce-vendor-woocommerce-com,opera,1,4247.215909090909,-188.38636363636363,0.007354038193000001,0.007450409781306827,0.0007967500568181827
http-192-168-88-177-8000-commerce-woocommerce-vendor-woocommerce-com,opera,2,4236.310344827586,-92.86206896551724,0.0037636847400000003,0.0037825165117241428,0.0004106966896551729
http-192-168-88-177-8000-commerce-woocommerce-woocommerce-com,chrome,0,4258.0,-161.0,0.006462566726000001,0.006462566725999996,0.0006855379999999995
http-192-168-88-177-8000-commerce-woocommerce-woocommerce-com,chrome,1,4258.0,-192.0,0.007675027968,0.007675027967999997,0.0008175359999999997
http-192-168-88-177-8000-commerce-woocommerce-woocommerce-com,chrome,2,4262.123595505618,-310.92134831460675,0.012584193803999999,0.01261220282575281,0.0013260648539325844
http-192-168-88-177-8000-commerce-woocommerce-woocommerce-com,firefox,0,4310.0,144.0,0.005946351839999998,0.005946351839999991,0.0006206399999999991
http-192-168-88-177-8000-commerce-woocommerce-woocommerce-com,firefox,1,4290.101123595506,-234.32584269662922,0.009584992225999999,0.009571028751842701,0.0010084320674157308
http-192-168-88-177-8000-commerce-woocommerce-woocommerce-com,firefox,2,4255.0,-243.0,0.009823701465,0.009823701464999987,0.0010339649999999987
http-192-168-88-177-8000-commerce-woocommerce-woocommerce-com,opera,0,4280.888888888889,-230.0,0.011369186592000001,0.011351929680000017,0.0011978400000000017
http-192-168-88-177-8000-commerce-woocommerce-woocommerce-com,opera,1,4311.0,141.0,0.00574419195,0.005744191949999996,0.0006078509999999996
http-192-168-88-177-8000-commerce-woocommerce-woocommerce-com,opera,2,4252.449438202248,-82.42696629213484,0.0033214585595000004,0.0033208027657078624,0.00035044351685393224
http-192-168-88-177-8000-consumer-evri-prefixes-www-evri-com,chrome,0,4243.0,-185.0,0.008541880309999998,0.008541880309999996,0.0007849549999999997
http-192-168-88-177-8000-consumer-evri-prefixes-www-evri-com,chrome,1,4270.970297029703,-138.12871287128712,0.006579562931999998,0.00655023882748516,0.0006071782376237634
http-192-168-88-177-8000-consumer-evri-prefixes-www-evri-com,chrome,2,4315.0,133.0,0.00626119445,0.0062611944499999924,0.0005738949999999993
http-192-168-88-177-8000-consumer-evri-prefixes-www-evri-com,firefox,0,4227.184466019417,10.728155339805825,0.00056218786,0.0005966657863300933,5.4129165048543344e-05
http-192-168-88-177-8000-consumer-evri-prefixes-www-evri-com,firefox,1,4314.0,128.0,0.005246376192,0.005246376192,0.000552192
http-192-168-88-177-8000-consumer-evri-prefixes-www-evri-com,firefox,2,4252.0,-101.0,0.004129610431999999,0.004129610431999996,0.0004294519999999996
http-192-168-88-177-8000-consumer-evri-prefixes-www-evri-com,opera,0,4270.8,16.666666666666668,0.0016530682500000002,0.0016615243859999988,0.00017327399999999987
http-192-168-88-177-8000-consumer-evri-prefixes-www-evri-com,opera,1,4311.0,52.0,0.002150481996,0.0021504819960000035,0.00022417200000000035
http-192-168-88-177-8000-consumer-evri-prefixes-www-evri-com,opera,2,4250.0,-99.0,0.0040484564999999995,0.004048456499999999,0.00042074999999999985
http-192-168-88-177-8000-consumer-evri-www-evri-com,chrome,0,4244.0,-128.0,0.005223718911999999,0.005223718911999994,0.0005432319999999994
http-192-168-88-177-8000-consumer-evri-www-evri-com,chrome,1,4294.466666666666,71.66666666666667,0.002986531122,0.0029705700616666653,0.0003083103333333332
http-192-168-88-177-8000-consumer-evri-www-evri-com,chrome,2,4293.055555555556,109.47777777777777,0.004519364793999998,0.00452941655528888,0.0004700027555555546
http-192-168-88-177-8000-consumer-evri-www-evri-com,firefox,0,4260.855555555556,-75.2,0.003070760359,0.0030745060953555523,0.0003201943444444441
http-192-168-88-177-8000-consumer-evri-www-evri-com,firefox,1,4310.0,141.0,0.00573495927,0.005734959269999991,0.000607709999999999
http-192-168-88-177-8000-consumer-evri-www-evri-com,firefox,2,4250.0,-112.0,0.004481064,0.004481063999999997,0.0004759999999999997
http-192-168-88-177-8000-consumer-evri-www-evri-com,opera,0,4295.613636363636,-207.4090909090909,0.0083806697505,0.008407481990795456,0.0008901516136363638
http-192-168-88-177-8000-consumer-evri-www-evri-com,opera,1,4249.363636363636,-136.25,0.006168317303999998,0.006155947472045452,0.0006517678636363634
http-192-168-88-177-8000-consumer-evri-www-evri-com,opera,2,4239.0,121.44318181818181,0.0049800619800000005,0.004957386075715899,0.0005252024659090898
http-192-168-88-177-8000-consumer-foursquare-foursquare-com,chrome,0,4227.886363636364,-413.0,0.016320972822,0.016322702353363656,0.00174611706818182
http-192-168-88-177-8000-consumer-foursquare-foursquare-com,chrome,1,4224.827586206897,-357.8965517241379,0.015494534756,0.015511389811494225,0.00167509609195402
http-192-168-88-177-8000-consumer-foursquare-foursquare-com,chrome,2,4275.0,-362.75,0.014494565096000004,0.014513533256000027,0.0015492670000000028
http-192-168-88-177-8000-consumer-foursquare-foursquare-com,firefox,0,4205.666666666667,-340.1954022988506,0.013044952192000003,0.013132705565379325,0.0014194450459770129
http-192-168-88-177-8000-consumer-foursquare-foursquare-com,firefox,1,4247.170454545455,104.2840909090909,0.004427185639499998,0.004413887311499992,0.0004704132272727264
http-192-168-88-177-8000-consumer-foursquare-foursquare-com,firefox,2,4251.0,-177.0,0.007051745843999999,0.007051745844000001,0.0007524270000000001
http-192-168-88-177-8000-consumer-foursquare-foursquare-com,opera,0,4304.5,39.36363636363637,0.0015872183220000003,0.001591759501999997,0.0001696609999999997
http-192-168-88-177-8000-consumer-foursquare-foursquare-com,opera,1,4311.0,118.0,0.004751748017999998,0.004751748018,0.000508698
http-192-168-88-177-8000-consumer-foursquare-foursquare-com,opera,2,4285.181818181818,-323.60227272727275,0.013096598484000002,0.01303163554996594,0.001391228306818185
http-192-168-88-177-8000-consumer-foursquare-prefixes-foursquare-com,chrome,0,4289.677777777778,55.2,0.0027968493859999994,0.00278484671360001,0.00029203510000000107
http-192-168-88-177-8000-consumer-foursquare-prefixes-foursquare-com,chrome,1,4277.777777777777,-363.55555555555554,0.014763166395999998,0.014837514657777749,0.0015500955555555525
http-192-168-88-177-8000-consumer-foursquare-prefixes-foursquare-com,chrome,2,4268.7555555555555,8.177777777777777,0.0012645382170000002,0.0012743949567555553,0.00013355637777777776
http-192-168-88-177-8000-consumer-foursquare-prefixes-foursquare-com,firefox,0,4184.0,-404.05555555555554,0.016187946208,0.016148309781333314,0.0016905684444444423
http-192-168-88-177-8000-consumer-foursquare-prefixes-foursquare-com,firefox,1,4277.0,-65.84444444444445,0.004763374465000001,0.004771095683822215,0.0004992774888888883
http-192-168-88-177-8000-consumer-foursquare-prefixes-foursquare-com,firefox,2,4201.2808988764045,-476.3258426966292,0.018922292339999997,0.018863043279775275,0.0019960892359550558
http-192-168-88-177-8000-consumer-foursquare-prefixes-foursquare-com,opera,0,4299.590909090909,-116.8409090909091,0.008420707292,0.008484330257454539,0.0009018208181818174
http-192-168-88-177-8000-consumer-foursquare-prefixes-foursquare-com,opera,1,4265.157303370786,-175.1573033707865,0.012907651130999996,0.013025105490640457,0.0013787557415730347
http-192-168-88-177-8000-consumer-foursquare-prefixes-foursquare-com,opera,2,4273.426966292135,-125.6067415730337,0.010046187846,0.0101122941762809,0.0010679368651685395
http-192-168-88-177-8000-consumer-narvar-corp-narvar-com,chrome,0,4250.0,-150.0,0.0058987875000000006,0.005898787499999994,0.0006374999999999993
http-192-168-88-177-8000-consumer-narvar-corp-narvar-com,chrome,1,4250.0,-172.0,0.006805609999999999,0.006805610000000007,0.0007310000000000007
http-192-168-88-177-8000-consumer-narvar-corp-narvar-com,chrome,2,4239.5,-56.61363636363637,0.0022184744830000018,0.002245344816681819,0.0002403494772727274
http-192-168-88-177-8000-consumer-narvar-corp-narvar-com,firefox,0,4311.0,129.0,0.005168569986,0.005168569986000006,0.0005561190000000006
http-192-168-88-177-8000-consumer-narvar-corp-narvar-com,firefox,1,4242.0,-286.0,0.011326547231999998,0.011326547232000014,0.0012132120000000015
http-192-168-88-177-8000-consumer-narvar-corp-narvar-com,firefox,2,4260.438202247191,-166.4494382022472,0.008261880646499999,0.008259470648494386,0.0008762434382022476
http-192-168-88-177-8000-consumer-narvar-corp-narvar-com,opera,0,4290.613636363636,41.06818181818182,0.003757663506,0.0037220864669999976,0.00039855299999999973
http-192-168-88-177-8000-consumer-narvar-corp-narvar-com,opera,1,4249.640449438202,-150.95505617977528,0.0060324145475,0.006011175796359558,0.0006407136853932592
http-192-168-88-177-8000-consumer-narvar-corp-narvar-com,opera,2,4238.685393258427,-540.3370786516854,0.021609384972,0.02146555841555057,0.0022864889662921354
http-192-168-88-177-8000-consumer-narvar-prefixes-corp-narvar-com,chrome,0,4292.875,42.61363636363637,0.007776042142499999,0.007875618017045454,0.0008432139204545455
http-192-168-88-177-8000-consumer-narvar-prefixes-corp-narvar-com,chrome,1,4312.0,122.0,0.004903442544,0.004903442543999998,0.0005260639999999998
http-192-168-88-177-8000-consumer-narvar-prefixes-corp-narvar-com,chrome,2,4310.0,132.0,0.00537231156,0.005372311560000004,0.0005689200000000004
http-192-168-88-177-8000-consumer-narvar-prefixes-corp-narvar-com,firefox,0,4291.149425287356,-102.40229885057471,0.00899049059,0.009035968987011488,0.0009824909195402293
http-192-168-88-177-8000-consumer-narvar-prefixes-corp-narvar-com,firefox,1,4258.0,-151.0,0.005995583349999999,0.005995583349999991,0.0006429579999999991
http-192-168-88-177-8000-consumer-narvar-prefixes-corp-narvar-com,firefox,2,4258.0,-188.0,0.00748070988,0.007480709879999998,0.0008005039999999997
http-192-168-88-177-8000-consumer-narvar-prefixes-corp-narvar-com,opera,0,4298.666666666667,-362.9310344827586,0.014344771164999996,0.014355478320919534,0.0015598694252873556
http-192-168-88-177-8000-consumer-narvar-prefixes-corp-narvar-com,opera,1,4304.477272727273,-133.36363636363637,0.005332812100000001,0.005309308778590906,0.000574787136363636
http-192-168-88-177-8000-consumer-narvar-prefixes-corp-narvar-com,opera,2,4293.0,90.0,0.00361178676,0.00361178676,0.00038637
http-192-168-88-177-8000-consumer-rightmove-prefixes-www-rightmove-co-uk,chrome,0,4248.0,-151.0,0.006120055368,0.00612005536800001,0.0006414480000000011
http-192-168-88-177-8000-consumer-rightmove-prefixes-www-rightmove-co-uk,chrome,1,4234.0,192.20454545454547,0.008507723388000002,0.00848973273709091,0.0009087703636363638
http-192-168-88-177-8000-consumer-rightmove-prefixes-www-rightmove-co-uk,chrome,2,4285.227272727273,49.54545454545455,0.0019730795259999996,0.0019924867253636332,0.000212622636363636
http-192-168-88-177-8000-consumer-rightmove-prefixes-www-rightmove-co-uk,firefox,0,4291.566666666667,56.22222222222222,0.00231676842,0.002306761324999994,0.00024217966666666604
http-192-168-88-177-8000-consumer-rightmove-prefixes-www-rightmove-co-uk,firefox,1,4278.0,-164.625,0.006639768294,0.0066151681897499886,0.0007042657499999988
http-192-168-88-177-8000-consumer-rightmove-prefixes-www-rightmove-co-uk,firefox,2,4240.340909090909,-567.6363636363636,0.022728272174999998,0.022705735106249958,0.0024198801136363596
http-192-168-88-177-8000-consumer-rightmove-prefixes-www-rightmove-co-uk,opera,0,4280.0,-11.247191011235955,0.00060722928,0.0006114273829213486,6.496943820224723e-05
http-192-168-88-177-8000-consumer-rightmove-prefixes-www-rightmove-co-uk,opera,1,4196.0,-495.0,0.0194512923,0.01945129230000003,0.002077020000000003
http-192-168-88-177-8000-consumer-rightmove-prefixes-www-rightmove-co-uk,opera,2,4291.91011235955,37.46067415730337,0.001524580081,0.0015275882642696605,0.00016098516853932558
http-192-168-88-177-8000-consumer-rightmove-www-rightmove-co-uk,chrome,0,4278.0,-161.1264367816092,0.006491644683,0.006453216269517232,0.0006892988965517231
http-192-168-88-177-8000-consumer-rightmove-www-rightmove-co-uk,chrome,1,4121.0,-480.0,0.018253722240000003,0.01825372223999996,0.0019780799999999958
http-192-168-88-177-8000-consumer-rightmove-www-rightmove-co-uk,chrome,2,4299.363636363636,75.63636363636364,0.003081582669500001,0.0030662445433636415,0.0003256073636363642
http-192-168-88-177-8000-consumer-rightmove-www-rightmove-co-uk,firefox,0,4183.3,-568.9111111111112,0.022669703582500002,0.022574023089622208,0.0023727163222222207
http-192-168-88-177-8000-consumer-rightmove-www-rightmove-co-uk,firefox,1,4292.563218390805,-36.04597701149425,0.005653636799999999,0.0056616336830344755,0.0006074062528735625
http-192-168-88-177-8000-consumer-rightmove-www-rightmove-co-uk,firefox,2,4274.091954022989,-73.48275862068965,0.010763684178000004,0.010795714594505736,0.0011592091264367803
http-192-168-88-177-8000-consumer-rightmove-www-rightmove-co-uk,opera,0,4229.0,-42.31460674157304,0.0017462788554999998,0.0017432313383146086,0.000184840561797753
http-192-168-88-177-8000-consumer-rightmove-www-rightmove-co-uk,opera,1,4311.0,138.0,0.005576166414,0.005576166413999999,0.0005949179999999999
http-192-168-88-177-8000-consumer-rightmove-www-rightmove-co-uk,opera,2,4310.0,146.0,0.005909380659999999,0.005909380659999997,0.0006292599999999997
http-192-168-88-177-8000-consumer-trulia-prefixes-www-trulia-com,chrome,0,4244.477272727273,-281.1818181818182,0.014043641272999998,0.014093835774954556,0.0015052692272727285
http-192-168-88-177-8000-consumer-trulia-prefixes-www-trulia-com,chrome,1,4247.4,-382.81111111111113,0.0196677346625,0.019712856027833323,0.0020835911666666654
http-192-168-88-177-8000-consumer-trulia-prefixes-www-trulia-com,chrome,2,4240.0,-135.76666666666668,0.0054400151865,0.005440495557900004,0.0005756529000000004
http-192-168-88-177-8000-consumer-trulia-prefixes-www-trulia-com,firefox,0,4246.9655172413795,-301.735632183908,0.011568694560000004,0.011770621717724139,0.0012740146896551723
http-192-168-88-177-8000-consumer-trulia-prefixes-www-trulia-com,firefox,1,4248.471264367816,-145.0,0.005740250865,0.005740768038333326,0.0006160283333333325
http-192-168-88-177-8000-consumer-trulia-prefixes-www-trulia-com,firefox,2,4258.0,-175.0,0.0070819056,0.0070819056,0.00074515
http-192-168-88-177-8000-consumer-trulia-prefixes-www-trulia-com,opera,0,4275.539325842697,54.92134831460674,0.002290508528,0.0022403252782022477,0.00023682085393258428
http-192-168-88-177-8000-consumer-trulia-prefixes-www-trulia-com,opera,1,4258.0,-152.0,0.006107130176000001,0.0061071301759999955,0.0006472159999999995
http-192-168-88-177-8000-consumer-trulia-prefixes-www-trulia-com,opera,2,4301.666666666667,-155.23333333333332,0.008224718979500003,0.008271598169400006,0.0008719795666666673
http-192-168-88-177-8000-consumer-trulia-www-trulia-com,chrome,0,4309.191011235955,122.71910112359551,0.0050172757459999995,0.005004564476044956,0.0005288001348314619
http-192-168-88-177-8000-consumer-trulia-www-trulia-com,chrome,1,4254.0,-151.0,0.006140261885999998,0.006140261885999991,0.0006423539999999992
http-192-168-88-177-8000-consumer-trulia-www-trulia-com,chrome,2,4255.802197802198,-172.0,0.006968288342499999,0.007002087014999998,0.0007328191538461537
http-192-168-88-177-8000-consumer-trulia-www-trulia-com,firefox,0,4247.0,-158.52272727272728,0.006314452340999998,0.006319760415340897,0.0006732460227272714
http-192-168-88-177-8000-consumer-trulia-www-trulia-com,firefox,1,4266.0,-108.0,0.004339136303999999,0.0043391363040000035,0.00046072800000000036
http-192-168-88-177-8000-consumer-trulia-www-trulia-com,firefox,2,4212.0,-154.41573033707866,0.00623728755,0.006204806995955066,0.0006503990561797764
http-192-168-88-177-8000-consumer-trulia-www-trulia-com,opera,0,4303.550561797752,52.48314606741573,0.002149353279,0.0021463320005393276,0.0002259772584269665
http-192-168-88-177-8000-consumer-trulia-www-trulia-com,opera,1,4291.428571428572,50.0,0.004229054289,0.0042196681302857095,0.0004413417142857138
http-192-168-88-177-8000-consumer-trulia-www-trulia-com,opera,2,4265.0,-918.0,0.03747304916999999,0.037473049170000064,0.003915270000000007
http-192-168-88-177-8000-finance-bloomberg-vendor-www-bloomberg-com-subscriptions-ytaodl37xpb73lm-html,chrome,0,4194.632183908046,-483.82758620689657,0.018849572811500005,0.018828095927885095,0.002024961919540234
http-192-168-88-177-8000-finance-bloomberg-vendor-www-bloomberg-com-subscriptions-ytaodl37xpb73lm-html,chrome,1,4299.906976744186,-132.32558139534885,0.009066665596000001,0.009118261949023253,0.000995878325581395
http-192-168-88-177-8000-finance-bloomberg-vendor-www-bloomberg-com-subscriptions-ytaodl37xpb73lm-html,chrome,2,4225.057471264367,-489.64367816091954,0.019079272278999998,0.019153850842758616,0.0020591110344827584
http-192-168-88-177-8000-finance-bloomberg-vendor-www-bloomberg-com-subscriptions-ytaodl37xpb73lm-html,firefox,0,4305.0344827586205,-25.20689655172414,0.0017900557679999998,0.0017942525640229896,0.00019208356321839094
http-192-168-88-177-8000-finance-bloomberg-vendor-www-bloomberg-com-subscriptions-ytaodl37xpb73lm-html,firefox,1,4255.298850574713,-171.41379310344828,0.006676273582999996,0.006783434167000003,0.0007286963333333337
http-192-168-88-177-8000-finance-bloomberg-vendor-www-bloomberg-com-subscriptions-ytaodl37xpb73lm-html,firefox,2,4282.127906976744,-4.348837209302325,0.0019229688850000003,0.0019393383342674432,0.0002102719651162792
http-192-168-88-177-8000-finance-bloomberg-vendor-www-bloomberg-com-subscriptions-ytaodl37xpb73lm-html,opera,0,4310.0,136.0,0.005567347679999999,0.005567347680000005,0.0005861600000000006
http-192-168-88-177-8000-finance-bloomberg-vendor-www-bloomberg-com-subscriptions-ytaodl37xpb73lm-html,opera,1,4248.0,-190.0,0.007579663920000001,0.007579663920000001,0.0008071200000000001
http-192-168-88-177-8000-finance-bloomberg-vendor-www-bloomberg-com-subscriptions-ytaodl37xpb73lm-html,opera,2,4290.454545454545,64.625,0.0030068954395,0.002969224518806818,0.00031604305681818184
http-192-168-88-177-8000-finance-bloomberg-www-bloomberg-com-subscriptions-ytaodl37xpb73lm-html,chrome,0,4308.0,138.0,0.005783929416,0.005783929416000007,0.0005945040000000008
http-192-168-88-177-8000-finance-bloomberg-www-bloomberg-com-subscriptions-ytaodl37xpb73lm-html,chrome,1,4294.879120879121,-85.97802197802197,0.008669574912,0.008703280813186826,0.0008949389010989025
http-192-168-88-177-8000-finance-bloomberg-www-bloomberg-com-subscriptions-ytaodl37xpb73lm-html,chrome,2,4250.0,-220.0,0.008898395,0.008898395000000003,0.0009350000000000004
http-192-168-88-177-8000-finance-bloomberg-www-bloomberg-com-subscriptions-ytaodl37xpb73lm-html,firefox,0,4265.2444444444445,-175.44444444444446,0.007105569584,0.007169703111111115,0.0007462222222222226
http-192-168-88-177-8000-finance-bloomberg-www-bloomberg-com-subscriptions-ytaodl37xpb73lm-html,firefox,1,4305.0,95.0,0.0038181906,0.0038181905999999963,0.0004089749999999996
http-192-168-88-177-8000-finance-bloomberg-www-bloomberg-com-subscriptions-ytaodl37xpb73lm-html,firefox,2,4227.517241379311,5.057471264367816,0.00046284723500000005,0.0005073106891034489,5.436248275862075e-05
http-192-168-88-177-8000-finance-bloomberg-www-bloomberg-com-subscriptions-ytaodl37xpb73lm-html,opera,0,4310.0,147.0,0.0058985367,0.0058985367,0.00063357
http-192-168-88-177-8000-finance-bloomberg-www-bloomberg-com-subscriptions-ytaodl37xpb73lm-html,opera,1,4290.6551724137935,111.88505747126437,0.004484268602999999,0.0044619899257931,0.00048102521839080424
http-192-168-88-177-8000-finance-bloomberg-www-bloomberg-com-subscriptions-ytaodl37xpb73lm-html,opera,2,4283.0,-296.21590909090907,0.01197600077,0.011961572920568165,0.0012702105681818164
http-192-168-88-177-8000-finance-coinmarketcap-coinmarketcap-com,chrome,0,4268.241379310345,-236.93103448275863,0.009390718552499995,0.009374296201965508,0.0010115783103448266
http-192-168-88-177-8000-finance-coinmarketcap-coinmarketcap-com,chrome,1,4159.0,-914.0,0.036078385065999995,0.03607838506599995,0.003801325999999995
http-192-168-88-177-8000-finance-coinmarketcap-coinmarketcap-com,chrome,2,4288.857142857143,-65.42857142857143,0.004918976907000001,0.004919742215142853,0.0005134894285714281
http-192-168-88-177-8000-finance-coinmarketcap-coinmarketcap-com,firefox,0,4238.034090909091,-282.60227272727275,0.015430212104999999,0.01556787591040908,0.0016648354090909078
http-192-168-88-177-8000-finance-coinmarketcap-coinmarketcap-com,firefox,1,4246.538461538462,-221.6153846153846,0.015821248109999995,0.015876508960384617,0.0016626357692307696
http-192-168-88-177-8000-finance-coinmarketcap-coinmarketcap-com,firefox,2,4244.538461538462,-48.967032967032964,0.00198100212,0.0019947011886593436,0.00020797635164835197
http-192-168-88-177-8000-finance-coinmarketcap-coinmarketcap-com,opera,0,4304.0,143.0,0.005765126224000001,0.005765126223999994,0.0006154719999999993
http-192-168-88-177-8000-finance-coinmarketcap-coinmarketcap-com,opera,1,4264.0,-134.69565217391303,0.008466321809999998,0.008461950452869573,0.000872725913043479
http-192-168-88-177-8000-finance-coinmarketcap-coinmarketcap-com,opera,2,4250.0,-238.0,0.0096264455,0.009626445499999987,0.0010114999999999987
http-192-168-88-177-8000-finance-coinmarketcap-vendor-coinmarketcap-com,chrome,0,4300.701149425287,-357.44827586206895,0.014277323465,0.014252596082666652,0.001537828666666665
http-192-168-88-177-8000-finance-coinmarketcap-vendor-coinmarketcap-com,chrome,1,4310.0,148.0,0.006108976759999999,0.0061089767600000025,0.0006378800000000003
http-192-168-88-177-8000-finance-coinmarketcap-vendor-coinmarketcap-com,chrome,2,4247.0,-151.0,0.006233406839999998,0.006233406839999992,0.0006412969999999991
http-192-168-88-177-8000-finance-coinmarketcap-vendor-coinmarketcap-com,firefox,0,4268.522727272727,-138.26136363636363,0.0054432790850000015,0.005520715702499995,0.0005897570454545449
http-192-168-88-177-8000-finance-coinmarketcap-vendor-coinmarketcap-com,firefox,1,4239.723404255319,-147.12765957446808,0.007712882853000001,0.007710809471489359,0.0007779267021276593
http-192-168-88-177-8000-finance-coinmarketcap-vendor-coinmarketcap-com,firefox,2,4262.45652173913,-149.09782608695653,0.010214324446000001,0.010203398392217374,0.0010553784021739114
http-192-168-88-177-8000-finance-coinmarketcap-vendor-coinmarketcap-com,opera,0,4249.090909090909,-496.5681818181818,0.019767991399999997,0.019693163180454602,0.002108024318181824
http-192-168-88-177-8000-finance-coinmarketcap-vendor-coinmarketcap-com,opera,1,4295.111111111111,-342.6,0.0141825738825,0.014251942832799973,0.0014733735999999972
http-192-168-88-177-8000-finance-coinmarketcap-vendor-coinmarketcap-com,opera,2,4157.175824175824,-744.9010989010989,0.029623196876500005,0.02950518248465935,0.003088577670329671
http-192-168-88-177-8000-finance-forbes-vendor-www-forbes-com,chrome,0,4268.0,-197.0,0.00798335802,0.007983358020000001,0.0008407960000000001
http-192-168-88-177-8000-finance-forbes-vendor-www-forbes-com,chrome,1,4224.64367816092,-496.48275862068965,0.020520304561999995,0.02045432246436784,0.0022088901149425314
http-192-168-88-177-8000-finance-forbes-vendor-www-forbes-com,chrome,2,4210.431818181818,-334.1363636363636,0.016410957672,0.016481062915227284,0.001756106863636365
http-192-168-88-177-8000-finance-forbes-vendor-www-forbes-com,firefox,0,4223.0,-342.23333333333335,0.019014095191,0.019069763951100015,0.0020033369000000017
http-192-168-88-177-8000-finance-forbes-vendor-www-forbes-com,firefox,1,4307.114942528736,-224.3793103448276,0.009588781982999998,0.009563105357206909,0.001027959298850576
http-192-168-88-177-8000-finance-forbes-vendor-www-forbes-com,firefox,2,4248.689655172414,-204.58620689655172,0.008058594033,0.008097016231310343,0.0008666398620689653
http-192-168-88-177-8000-finance-forbes-vendor-www-forbes-com,opera,0,4273.188888888889,-167.93333333333334,0.007085671495499998,0.007078777040055553,0.0007447424555555553
http-192-168-88-177-8000-finance-forbes-vendor-www-forbes-com,opera,1,4258.0,-164.0,0.006442626512000001,0.006442626511999997,0.0006983119999999997
http-192-168-88-177-8000-finance-forbes-vendor-www-forbes-com,opera,2,4309.0,120.0,0.0048419371200000005,0.004841937120000007,0.0005170800000000007
http-192-168-88-177-8000-finance-forbes-www-forbes-com,chrome,0,4269.579545454545,-107.0909090909091,0.008571302792999997,0.008580209596465906,0.0009227023977272725
http-192-168-88-177-8000-finance-forbes-www-forbes-com,chrome,1,4308.0,119.0,0.004762024428,0.004762024428000004,0.0005126520000000004
http-192-168-88-177-8000-finance-forbes-www-forbes-com,chrome,2,4307.0,73.0,0.0029233934779999996,0.002923393478000003,0.00031441100000000033
http-192-168-88-177-8000-finance-forbes-www-forbes-com,firefox,0,4222.377551020408,-261.16326530612247,0.0114280277085,0.011389567917948994,0.0011024651938775524
http-192-168-88-177-8000-finance-forbes-www-forbes-com,firefox,1,4276.870967741936,-28.989247311827956,0.0017314836265,0.0017493431082580685,0.000175619225806452
http-192-168-88-177-8000-finance-forbes-www-forbes-com,firefox,2,4261.0,-187.0,0.007951337053,0.00795133705299998,0.0007968069999999981
http-192-168-88-177-8000-finance-forbes-www-forbes-com,opera,0,4268.578947368421,-181.62105263157895,0.012428955502000004,0.0123988901052421,0.001233843178947368
http-192-168-88-177-8000-finance-forbes-www-forbes-com,opera,1,4310.0,84.0,0.0036218481600000002,0.0036218481600000033,0.0003620400000000003
http-192-168-88-177-8000-finance-forbes-www-forbes-com,opera,2,4274.065217391304,-420.80434782608694,0.017742924561000007,0.01771138620800004,0.0018019520000000038
http-192-168-88-177-8000-finance-paypal-vendor-www-paypal-com-ro-home-html,chrome,0,4293.418604651163,36.383720930232556,0.0014472734080000001,0.0014402384552093031,0.00015658169767441868
http-192-168-88-177-8000-finance-paypal-vendor-www-paypal-com-ro-home-html,chrome,1,4258.0,-183.0,0.0070885097579999985,0.007088509758,0.0007792140000000001
http-192-168-88-177-8000-finance-paypal-vendor-www-paypal-com-ro-home-html,chrome,2,4258.0,-151.0,0.005937074171999999,0.005937074171999992,0.0006429579999999991
http-192-168-88-177-8000-finance-paypal-vendor-www-paypal-com-ro-home-html,firefox,0,4256.959595959596,-347.3939393939394,0.015644862256500004,0.015689269258181805,0.001475942545454544
http-192-168-88-177-8000-finance-paypal-vendor-www-paypal-com-ro-home-html,firefox,1,4259.242424242424,-222.57575757575756,0.010074830506999997,0.010045551641515138,0.0009471574242424229
http-192-168-88-177-8000-finance-paypal-vendor-www-paypal-com-ro-home-html,firefox,2,4258.0,-145.0,0.00648836169,0.006488361689999991,0.0006174099999999991
http-192-168-88-177-8000-finance-paypal-vendor-www-paypal-com-ro-home-html,opera,0,4237.0,-69.15151515151516,0.003103583237,0.003098450464242425,0.00029285921212121217
http-192-168-88-177-8000-finance-paypal-vendor-www-paypal-com-ro-home-html,opera,1,4256.0,-160.0,0.007241328640000002,0.007241328640000004,0.0006809600000000004
http-192-168-88-177-8000-finance-paypal-vendor-www-paypal-com-ro-home-html,opera,2,4261.142857142857,-247.1326530612245,0.011093931524999998,0.011082697430938756,0.0010522880204081615
http-192-168-88-177-8000-finance-paypal-www-paypal-com-ro-home-html,chrome,0,4197.736263736264,-556.967032967033,0.022628247170000004,0.022632486053142904,0.0023306030329670376
http-192-168-88-177-8000-finance-paypal-www-paypal-com-ro-home-html,chrome,1,4169.2307692307695,-263.38461538461536,0.012063511064,0.012008403225318695,0.001233655560439562
http-192-168-88-177-8000-finance-paypal-www-paypal-com-ro-home-html,chrome,2,4309.086956521739,127.19565217391305,0.005403352266499999,0.00540752800469566,0.0005480973043478269
http-192-168-88-177-8000-finance-paypal-www-paypal-com-ro-home-html,firefox,0,4135.489130434783,-798.0434782608696,0.0330383731035,0.032852955512934746,0.0033245249456521704
http-192-168-88-177-8000-finance-paypal-www-paypal-com-ro-home-html,firefox,1,4292.612903225807,5.580645161290323,0.0014888153235,0.0015114639112258131,0.00015138861290322648
http-192-168-88-177-8000-finance-paypal-www-paypal-com-ro-home-html,firefox,2,4227.096774193548,-349.48387096774195,0.017564421887999997,0.01757312763561289,0.0017638389677419343
http-192-168-88-177-8000-finance-paypal-www-paypal-com-ro-home-html,opera,0,4292.967741935484,-168.69892473118279,0.007339806749999999,0.007241718762043031,0.0007270072043010774
http-192-168-88-177-8000-finance-paypal-www-paypal-com-ro-home-html,opera,1,4264.010752688172,-281.35483870967744,0.017669504180999995,0.017833919539032246,0.0017828570967741925
http-192-168-88-177-8000-finance-paypal-www-paypal-com-ro-home-html,opera,2,4292.170212765957,-240.9787234042553,0.010497036591999999,0.010467210364085084,0.0010376931063829766
http-192-168-88-177-8000-finance-tinkoff-vendor-www-tinkoff-ru,chrome,0,4306.0,143.0,0.006519645703999998,0.006519645704000006,0.0006157580000000006
http-192-168-88-177-8000-finance-tinkoff-vendor-www-tinkoff-ru,chrome,1,4248.0,-151.0,0.006977029896000002,0.006977029896000013,0.0006414480000000012
http-192-168-88-177-8000-finance-tinkoff-vendor-www-tinkoff-ru,chrome,2,4297.079207920792,-314.71287128712873,0.014607692157000002,0.014592069393168323,0.001352745841584159
http-192-168-88-177-8000-finance-tinkoff-vendor-www-tinkoff-ru,firefox,0,4269.411764705882,-232.7058823529412,0.010764555408000002,0.010788537352941201,0.000992049411764708
http-192-168-88-177-8000-finance-tinkoff-vendor-www-tinkoff-ru,firefox,1,4312.0,147.0,0.006834955511999999,0.006834955511999992,0.0006338639999999993
http-192-168-88-177-8000-finance-tinkoff-vendor-www-tinkoff-ru,firefox,2,4245.0,-194.35643564356437,0.0089038875,0.008885713856435646,0.000825043069306931
http-192-168-88-177-8000-finance-tinkoff-vendor-www-tinkoff-ru,opera,0,4289.117647058823,10.676470588235293,0.0012675682320000003,0.0012838438014705898,0.00011832661764705898
http-192-168-88-177-8000-finance-tinkoff-vendor-www-tinkoff-ru,opera,1,4304.0,135.0,0.006261287040000001,0.006261287039999993,0.0005810399999999994
http-192-168-88-177-8000-finance-tinkoff-vendor-www-tinkoff-ru,opera,2,4286.274509803921,-7.882352941176471,0.000355746552,0.00036722696470588214,3.378352941176469e-05
http-192-168-88-177-8000-finance-tinkoff-www-tinkoff-ru,chrome,0,4228.333333333333,-400.2258064516129,0.016480859388000004,0.016704304793806447,0.0016852607741935479
http-192-168-88-177-8000-finance-tinkoff-www-tinkoff-ru,chrome,1,4268.612903225807,-59.58064516129032,0.0025866621420000003,0.002569569459096777,0.0002589247741935487
http-192-168-88-177-8000-finance-tinkoff-www-tinkoff-ru,chrome,2,4243.021276595745,-271.8936170212766,0.011463216489999997,0.011545532828127664,0.001151444382978724
http-192-168-88-177-8000-finance-tinkoff-www-tinkoff-ru,firefox,0,4310.0,-197.63829787234042,0.009203811049999998,0.009187625165957456,0.0009192221276595754
http-192-168-88-177-8000-finance-tinkoff-www-tinkoff-ru,firefox,1,4249.0,-173.0,0.007214045677999999,0.007214045678000006,0.0007350770000000005
http-192-168-88-177-8000-finance-tinkoff-www-tinkoff-ru,firefox,2,4282.9670329670325,33.142857142857146,0.0022316686669999995,0.0022224170294505435,0.00022866725274725216
http-192-168-88-177-8000-finance-tinkoff-www-tinkoff-ru,opera,0,4314.0,108.0,0.004529596464,0.004529596463999994,0.0004659119999999994
http-192-168-88-177-8000-finance-tinkoff-www-tinkoff-ru,opera,1,4272.241758241758,-342.2857142857143,0.014223451993000001,0.01419207899028571,0.0014634026593406588
http-192-168-88-177-8000-finance-tinkoff-www-tinkoff-ru,opera,2,4310.0,139.0,0.0057926012100000005,0.005792601209999986,0.0005990899999999985
http-192-168-88-177-8000-general-baidu-vendor-www-baidu-com-index-html,chrome,0,4116.0,-405.0,0.01581797322,0.01581797322000001,0.0016669800000000008
http-192-168-88-177-8000-general-baidu-vendor-www-baidu-com-index-html,chrome,1,4292.137931034483,-8.275862068965518,0.0026855521680000005,0.0027023027420689633,0.00029166786206896527
http-192-168-88-177-8000-general-baidu-vendor-www-baidu-com-index-html,chrome,2,4241.930232558139,-233.88372093023256,0.013250818021,0.013322186019767458,0.0014485360465116299
http-192-168-88-177-8000-general-baidu-vendor-www-baidu-com-index-html,firefox,0,4241.318681318681,-274.57142857142856,0.0182932064345,0.018458090349011004,0.001913945494505496
http-192-168-88-177-8000-general-baidu-vendor-www-baidu-com-index-html,firefox,1,4283.681818181818,26.09090909090909,0.008456401422,0.008523614296909085,0.0009100591818181812
http-192-168-88-177-8000-general-baidu-vendor-www-baidu-com-index-html,firefox,2,4259.08988764045,22.0,0.0008820294229999999,0.0008820915884494373,9.369997752808979e-05
http-192-168-88-177-8000-general-baidu-vendor-www-baidu-com-index-html,opera,0,4308.0,119.0,0.004777403987999999,0.004777403988000005,0.0005126520000000005
http-192-168-88-177-8000-general-baidu-vendor-www-baidu-com-index-html,opera,1,4306.0,109.0,0.004375317988,0.004375317987999989,0.0004693539999999989
http-192-168-88-177-8000-general-baidu-vendor-www-baidu-com-index-html,opera,2,4248.0,-155.0,0.00635657976,0.006356579760000014,0.0006584400000000015
http-192-168-88-177-8000-general-baidu-www-baidu-com-index-html,chrome,0,4187.158878504673,-75.81308411214954,0.003631831614000001,0.0036338370850093485,0.00031706108411214975
http-192-168-88-177-8000-general-baidu-www-baidu-com-index-html,chrome,1,4188.153846153846,-229.80769230769232,0.010637010646000004,0.010666107958000002,0.0009638630000000001
http-192-168-88-177-8000-general-baidu-www-baidu-com-index-html,chrome,2,4256.349514563107,-206.44660194174756,0.009843441359999998,0.00976000868038832,0.0008840587572815508
http-192-168-88-177-8000-general-baidu-www-baidu-com-index-html,firefox,0,4228.0291262135925,120.51456310679612,0.007541429415,0.00752826111763105,0.0006811673106796101
http-192-168-88-177-8000-general-baidu-www-baidu-com-index-html,firefox,1,4232.221153846154,36.06730769230769,0.007566917771000002,0.0075816035535192505,0.0006792942884615402
http-192-168-88-177-8000-general-baidu-www-baidu-com-index-html,firefox,2,4216.78640776699,-24.203883495145632,0.0064985922855000005,0.006526820901932037,0.0005916798932038833
http-192-168-88-177-8000-general-baidu-www-baidu-com-index-html,opera,0,4215.403846153846,-66.45192307692308,0.004730059708499999,0.004793871014625003,0.0004292890673076926
http-192-168-88-177-8000-general-baidu-www-baidu-com-index-html,opera,1,4203.192307692308,21.076923076923077,0.0025415306120000003,0.0025434051787692337,0.00022825138461538485
http-192-168-88-177-8000-general-baidu-www-baidu-com-index-html,opera,2,4217.281553398058,-321.3009708737864,0.015011434487999999,0.015014864711456327,0.0013551321941747587
http-192-168-88-177-8000-general-blogger-vendor-www-blogger-com-about,chrome,0,4291.450549450549,-12.637362637362637,0.006007118973999999,0.006009562935780205,0.0006251495824175808
http-192-168-88-177-8000-general-blogger-vendor-www-blogger-com-about,chrome,1,4260.420454545455,-246.6818181818182,0.009846914904,0.009798658325590898,0.001046194568181817
http-192-168-88-177-8000-general-blogger-vendor-www-blogger-com-about,chrome,2,4195.586206896552,-189.08045977011494,0.010522466269999997,0.010508585347126426,0.0011366777011494241
http-192-168-88-177-8000-general-blogger-vendor-www-blogger-com-about,firefox,0,4226.936170212766,-313.0,0.013060118121000002,0.013060962242042557,0.001323031021276596
http-192-168-88-177-8000-general-blogger-vendor-www-blogger-com-about,firefox,1,4221.137931034483,-451.6896551724138,0.019163430324500005,0.019144415464137955,0.002069219137931037
http-192-168-88-177-8000-general-blogger-vendor-www-blogger-com-about,firefox,2,4240.329545454545,-374.375,0.01858428586,0.01862208170454547,0.0020021590909090926
http-192-168-88-177-8000-general-blogger-vendor-www-blogger-com-about,opera,0,4259.488888888889,-248.27777777777777,0.016042991180000004,0.016129800528800007,0.0016993047333333337
http-192-168-88-177-8000-general-blogger-vendor-www-blogger-com-about,opera,1,4281.818181818182,9.5,0.008120407744,0.008148566159999994,0.0008725309090909084
http-192-168-88-177-8000-general-blogger-vendor-www-blogger-com-about,opera,2,4299.886363636364,61.75,0.006582977798999998,0.0066565299919772725,0.0007121568409090909
http-192-168-88-177-8000-general-blogger-www-blogger-com-about,chrome,0,4275.457943925234,-128.65420560747663,0.0116604290115,0.011658100872364458,0.0010288677850467266
http-192-168-88-177-8000-general-blogger-www-blogger-com-about,chrome,1,4280.266666666666,66.68888888888888,0.004101693144,0.004105504085600002,0.00043129573333333356
http-192-168-88-177-8000-general-blogger-www-blogger-com-about,chrome,2,4279.568181818182,-44.70454545454545,0.004445074634999998,0.0044424456445227275,0.0004747724318181819
http-192-168-88-177-8000-general-blogger-www-blogger-com-about,firefox,0,4224.127659574468,-62.42553191489362,0.002545605703999999,0.0026064133101702113,0.00026372693617021263
http-192-168-88-177-8000-general-blogger-www-blogger-com-about,firefox,1,4298.483146067416,-133.04494382022472,0.0064570039005,0.006459295474887626,0.0006875247977528075
http-192-168-88-177-8000-general-blogger-www-blogger-com-about,firefox,2,4290.516853932584,96.68539325842697,0.003919219901999999,0.003918483528629216,0.00041579833707865204
http-192-168-88-177-8000-general-blogger-www-blogger-com-about,opera,0,4279.5,-182.22727272727272,0.007870168850500004,0.007829994115636363,0.0008444773636363635
http-192-168-88-177-8000-general-blogger-www-blogger-com-about,opera,1,4263.5842696629215,166.5505617977528,0.006759476947499999,0.006719088523651679,0.0007103381460674151
http-192-168-88-177-8000-general-blogger-www-blogger-com-about,opera,2,4304.715909090909,135.45454545454547,0.005455959002,0.00546308710956819,0.0005831024772727281
http-192-168-88-177-8000-general-espn-vendor-www-espn-com-index-html,chrome,0,4289.715909090909,-13.136363636363637,0.005534134545999999,0.005519503551136368,0.0005887470454545459
http-192-168-88-177-8000-general-espn-vendor-www-espn-com-index-html,chrome,1,4275.285714285715,-330.38461538461536,0.013493553414000003,0.013490422017527473,0.001408333021978022
http-192-168-88-177-8000-general-espn-vendor-www-espn-com-index-html,chrome,2,4311.0,119.0,0.004903340021999999,0.004903340022,0.000513009
http-192-168-88-177-8000-general-espn-vendor-www-espn-com-index-html,firefox,0,4249.0,-151.0,0.006147160018999998,0.006147160018999997,0.0006415989999999998
http-192-168-88-177-8000-general-espn-vendor-www-espn-com-index-html,firefox,1,4255.569892473119,-78.01075268817205,0.0038167168760000008,0.0038115426262365576,0.0003896486021505375
http-192-168-88-177-8000-general-espn-vendor-www-espn-com-index-html,firefox,2,4258.451612903225,-178.90322580645162,0.008325437975999998,0.008315637495483863,0.0008474103225806443
http-192-168-88-177-8000-general-espn-vendor-www-espn-com-index-html,opera,0,4257.409090909091,-88.54545454545455,0.0035167910640000006,0.0035188893539999967,0.00037679509090909056
http-192-168-88-177-8000-general-espn-vendor-www-espn-com-index-html,opera,1,4306.0,49.0,0.0020198455620000005,0.0020198455620000014,0.00021099400000000013
http-192-168-88-177-8000-general-espn-vendor-www-espn-com-index-html,opera,2,4249.0,-115.0,0.004673793775,0.004673793775000006,0.0004886350000000006
http-192-168-88-177-8000-general-espn-www-espn-com-index-html,chrome,0,4272.5,-159.2549019607843,0.007442367710000001,0.007408377697647062,0.0006827368627450983
http-192-168-88-177-8000-general-espn-www-espn-com-index-html,chrome,1,4249.186915887851,-180.02803738317758,0.008563765767999998,0.008569105316196248,0.0007583950186915877
http-192-168-88-177-8000-general-espn-www-espn-com-index-html,chrome,2,4259.62962962963,-165.1851851851852,0.015036760574,0.015036134770370376,0.0013208129629629635
http-192-168-88-177-8000-general-espn-www-espn-com-index-html,firefox,0,4219.52427184466,-61.74757281553398,0.006375135243,0.0064138411172038725,0.0005818070679611641
http-192-168-88-177-8000-general-espn-www-espn-com-index-html,firefox,1,4281.924528301887,-315.4339622641509,0.018077849804,0.01806042518701885,0.0016116745660377343
http-192-168-88-177-8000-general-espn-www-espn-com-index-html,firefox,2,4273.601769911505,-121.94690265486726,0.0082739438945,0.00830571580603541,0.0007004904955752224
http-192-168-88-177-8000-general-espn-www-espn-com-index-html,opera,0,4257.823529411765,-88.84313725490196,0.006404284953,0.006421871260745081,0.0005901370392156848
http-192-168-88-177-8000-general-espn-www-espn-com-index-html,opera,1,4259.721153846154,1.3846153846153846,0.003217505990000001,0.003247195733461544,0.00029571038461538514
http-192-168-88-177-8000-general-espn-www-espn-com-index-html,opera,2,4271.25,-80.59615384615384,0.008443468302000002,0.008447071834384617,0.000767636480769231
http-192-168-88-177-8000-general-netvibes-vendor-www-netvibes-com-en-html,chrome,0,4311.0,-49.0,0.0019581855300000004,0.001958185529999999,0.00021123899999999992
http-192-168-88-177-8000-general-netvibes-vendor-www-netvibes-com-en-html,chrome,1,4260.0,-159.0,0.00622678662,0.0062267866199999895,0.0006773399999999989
http-192-168-88-177-8000-general-netvibes-vendor-www-netvibes-com-en-html,chrome,2,4306.581395348837,115.27906976744185,0.004571469070000001,0.0045648272006046575,0.0004965006744186053
http-192-168-88-177-8000-general-netvibes-vendor-www-netvibes-com-en-html,firefox,0,4255.0,-175.0,0.00686097475,0.0068609747499999915,0.0007446249999999991
http-192-168-88-177-8000-general-netvibes-vendor-www-netvibes-com-en-html,firefox,1,4246.0,-150.0,0.0059881338,0.005988133800000008,0.0006369000000000009
http-192-168-88-177-8000-general-netvibes-vendor-www-netvibes-com-en-html,firefox,2,4308.310344827586,160.82758620689654,0.006472641468,0.006454079131310347,0.0006929438620689657
http-192-168-88-177-8000-general-netvibes-vendor-www-netvibes-com-en-html,opera,0,4253.172413793103,-258.4597701149425,0.0120979764005,0.01211507815586206,0.0013066305172413784
http-192-168-88-177-8000-general-netvibes-vendor-www-netvibes-com-en-html,opera,1,4311.0,145.0,0.005812758405,0.005812758404999992,0.0006250949999999992
http-192-168-88-177-8000-general-netvibes-vendor-www-netvibes-com-en-html,opera,2,4251.0,-321.0,0.01275873885,0.012758738849999982,0.0013645709999999982
http-192-168-88-177-8000-general-netvibes-www-netvibes-com-en-html,chrome,0,4306.590909090909,143.63636363636363,0.0058004231550000005,0.005802457340909102,0.0006185988636363647
http-192-168-88-177-8000-general-netvibes-www-netvibes-com-en-html,chrome,1,4302.5,-180.04545454545453,0.007282565472999999,0.007313487372954548,0.0007741597727272731
http-192-168-88-177-8000-general-netvibes-www-netvibes-com-en-html,chrome,2,4243.0,-172.0,0.0070396122160000015,0.007039612215999995,0.0007297959999999994
http-192-168-88-177-8000-general-netvibes-www-netvibes-com-en-html,firefox,0,4232.010869565217,-172.3913043478261,0.0071092652525,0.007111647339945658,0.0007300736413043484
http-192-168-88-177-8000-general-netvibes-www-netvibes-com-en-html,firefox,1,4227.0,114.0,0.0046978286219999995,0.0046978286219999995,0.00048187799999999993
http-192-168-88-177-8000-general-netvibes-www-netvibes-com-en-html,firefox,2,4308.0,76.05555555555556,0.0031559761799999993,0.0031608138246666576,0.0003276473333333324
http-192-168-88-177-8000-general-netvibes-www-netvibes-com-en-html,opera,0,4259.0,-152.0,0.006283353808,0.006283353808000008,0.0006473680000000009
http-192-168-88-177-8000-general-netvibes-www-netvibes-com-en-html,opera,1,4305.388888888889,140.13333333333333,0.005854076741000001,0.00584266528547778,0.0006033941222222224
http-192-168-88-177-8000-general-netvibes-www-netvibes-com-en-html,opera,2,4248.0,-96.77777777777777,0.005115814860000001,0.005101871387199991,0.0005277615999999991
http-192-168-88-177-8000-general-wikipedia-vendor-www-wikipedia-org-index-html,chrome,0,4290.046511627907,160.90697674418604,0.0066010116939999985,0.006566267959906972,0.0007126403255813948
http-192-168-88-177-8000-general-wikipedia-vendor-www-wikipedia-org-index-html,chrome,1,4295.674418604651,-25.046511627906977,0.002082709518,0.0021027811813953477,0.00022757372093023243
http-192-168-88-177-8000-general-wikipedia-vendor-www-wikipedia-org-index-html,chrome,2,4264.0,-111.0,0.0043823217359999994,0.0043823217360000055,0.0004733040000000006
http-192-168-88-177-8000-general-wikipedia-vendor-www-wikipedia-org-index-html,firefox,0,4264.0,-131.0,0.005208795800000001,0.005208795800000007,0.0005585840000000007
http-192-168-88-177-8000-general-wikipedia-vendor-www-wikipedia-org-index-html,firefox,1,4283.505747126437,-48.37931034482759,0.00739758726,0.007395457782586221,0.0007964951839080475
http-192-168-88-177-8000-general-wikipedia-vendor-www-wikipedia-org-index-html,firefox,2,4297.758620689655,-183.66666666666666,0.007382789406000001,0.007369154258689664,0.0007911911379310354
http-192-168-88-177-8000-general-wikipedia-vendor-www-wikipedia-org-index-html,opera,0,4218.873563218391,146.93103448275863,0.006026748852000001,0.006001824827586214,0.0006445258620689663
http-192-168-88-177-8000-general-wikipedia-vendor-www-wikipedia-org-index-html,opera,1,4211.0,-575.0,0.022862150650000006,0.022862150650000013,0.0024213250000000015
http-192-168-88-177-8000-general-wikipedia-vendor-www-wikipedia-org-index-html,opera,2,4288.045454545455,-0.3181818181818182,0.0020634514249999996,0.00207204720595455,0.00021965940909090956
http-192-168-88-177-8000-general-wikipedia-www-wikipedia-org-index-html,chrome,0,4258.0,-622.0,0.025483636072000004,0.025483636072000035,0.0026484760000000038
http-192-168-88-177-8000-general-wikipedia-www-wikipedia-org-index-html,chrome,1,4293.0,137.0,0.005665562253000001,0.005665562253000002,0.0005881410000000002
http-192-168-88-177-8000-general-wikipedia-www-wikipedia-org-index-html,chrome,2,4269.8,22.0,0.0009076500840000001,0.0009076997027999998,9.393559999999998e-05
http-192-168-88-177-8000-general-wikipedia-www-wikipedia-org-index-html,firefox,0,4305.0,49.73913043478261,0.002067619186,0.002084323372173908,0.00021421617391304294
http-192-168-88-177-8000-general-wikipedia-www-wikipedia-org-index-html,firefox,1,4281.5,26.944444444444443,0.004047365525,0.004030146525666664,0.0004184556666666664
http-192-168-88-177-8000-general-wikipedia-www-wikipedia-org-index-html,firefox,2,4293.866666666667,-186.11111111111111,0.007726665165,0.007704184651999997,0.0008007675555555552
http-192-168-88-177-8000-general-wikipedia-www-wikipedia-org-index-html,opera,0,4233.068965517241,130.97701149425288,0.005874266775999999,0.005818368781609195,0.0006029397701149424
http-192-168-88-177-8000-general-wikipedia-www-wikipedia-org-index-html,opera,1,4308.0,97.46666666666667,0.005997876723000001,0.006103759158200007,0.0006327106000000007
http-192-168-88-177-8000-general-wikipedia-www-wikipedia-org-index-html,opera,2,4289.2,-70.57777777777778,0.004000936252,0.00401451758933334,0.000416443733333334
http-192-168-88-177-8000-social-facebook-vendor-www-facebook-com,chrome,0,4309.0,122.0,0.0048995053600000005,0.00489950536,0.0005256979999999999
http-192-168-88-177-8000-social-facebook-vendor-www-facebook-com,chrome,1,4310.0,125.0,0.005037851250000001,0.005037851249999996,0.0005387499999999995
http-192-168-88-177-8000-social-facebook-vendor-www-facebook-com,chrome,2,4312.0,108.0,0.004388253408000001,0.004388253408000009,0.0004656960000000009
http-192-168-88-177-8000-social-facebook-vendor-www-facebook-com,firefox,0,4250.0,-204.0,0.008047493999999999,0.00804749400000001,0.0008670000000000009
http-192-168-88-177-8000-social-facebook-vendor-www-facebook-com,firefox,1,4288.850574712644,169.6206896551724,0.006832267535,0.006793224804597699,0.0007288867816091951
http-192-168-88-177-8000-social-facebook-vendor-www-facebook-com,firefox,2,4255.0,-265.51162790697674,0.010356882750000001,0.01035417686686045,0.0011297519767441845
http-192-168-88-177-8000-social-facebook-vendor-www-facebook-com,opera,0,4311.0,88.0,0.003542159015999999,0.003542159016000004,0.0003793680000000004
http-192-168-88-177-8000-social-facebook-vendor-www-facebook-com,opera,1,4247.0,-162.0,0.006429490830000001,0.006429490830000006,0.0006880140000000006
http-192-168-88-177-8000-social-facebook-vendor-www-facebook-com,opera,2,4239.0,78.4367816091954,0.0032415993315,0.0032394139808275897,0.00034672096551724175
http-192-168-88-177-8000-social-facebook-www-facebook-com,chrome,0,4308.0,103.0,0.004231352064,0.004231352063999995,0.00044372399999999956
http-192-168-88-177-8000-social-facebook-www-facebook-com,chrome,1,4253.0,-178.0,0.007151700197999999,0.0071517001979999875,0.0007570339999999988
http-192-168-88-177-8000-social-facebook-www-facebook-com,chrome,2,4282.942528735633,-255.10344827586206,0.010150962140000002,0.01014686612873563,0.001095182528735632
http-192-168-88-177-8000-social-facebook-www-facebook-com,firefox,0,4253.5,-269.72727272727275,0.011654160078000003,0.01159974348400001,0.001233884000000001
http-192-168-88-177-8000-social-facebook-www-facebook-com,firefox,1,4278.409090909091,42.77272727272727,0.0017056873800000002,0.0017239494477272713,0.0001831261363636362
http-192-168-88-177-8000-social-facebook-www-facebook-com,firefox,2,4293.597701149425,33.333333333333336,0.002418055480000001,0.0024013294763218437,0.000258151954022989
http-192-168-88-177-8000-social-facebook-www-facebook-com,opera,0,4260.931034482759,-420.44827586206895,0.020714403569000003,0.02077996546024138,0.002235125896551724
http-192-168-88-177-8000-social-facebook-www-facebook-com,opera,1,4277.16091954023,-100.34482758620689,0.010124402920000001,0.01014784226970115,0.00108742416091954
http-192-168-88-177-8000-social-facebook-www-facebook-com,opera,2,4239.0,47.770114942528735,0.0020669406390000002,0.002063595483310344,0.00022101268965517236
http-192-168-88-177-8000-social-myasiantv-myasiantv-cx,chrome,0,4299.090909090909,-28.954545454545453,0.001662448928,0.0016877709199999975,0.00017924499999999972
http-192-168-88-177-8000-social-myasiantv-myasiantv-cx,chrome,1,4260.0,-151.0,0.006007405139999999,0.006007405139999998,0.0006432599999999998
http-192-168-88-177-8000-social-myasiantv-myasiantv-cx,chrome,2,4312.0,148.0,0.00589993712,0.005899937119999991,0.0006381759999999991
http-192-168-88-177-8000-social-myasiantv-myasiantv-cx,firefox,0,4311.0,146.0,0.005820746688,0.0058207466879999946,0.0006294059999999995
http-192-168-88-177-8000-social-myasiantv-myasiantv-cx,firefox,1,4255.0,-155.0,0.006145453950000001,0.006145453950000006,0.0006595250000000006
http-192-168-88-177-8000-social-myasiantv-myasiantv-cx,firefox,2,4268.0,-165.95402298850576,0.0066131507639999995,0.0065920715044597645,0.0007082917701149419
http-192-168-88-177-8000-social-myasiantv-myasiantv-cx,opera,0,4313.0,114.0,0.004576084374000001,0.004576084374000001,0.0004916820000000001
http-192-168-88-177-8000-social-myasiantv-myasiantv-cx,opera,1,4312.0,22.86046511627907,0.0008773281440000002,0.0009091510048372093,9.857432558139534e-05
http-192-168-88-177-8000-social-myasiantv-myasiantv-cx,opera,2,4269.441860465116,-13.348837209302326,0.001018334516,0.0010229588495814,0.00011108251162790748
http-192-168-88-177-8000-social-myasiantv-vendor-myasiantv-cx,chrome,0,4231.372340425532,-155.46808510638297,0.007488346609500001,0.007488272539021282,0.0007523633617021282
http-192-168-88-177-8000-social-myasiantv-vendor-myasiantv-cx,chrome,1,4249.0,-200.0,0.009216930799999998,0.009216930799999986,0.0008497999999999988
http-192-168-88-177-8000-social-myasiantv-vendor-myasiantv-cx,chrome,2,4278.118811881188,-25.643564356435643,0.003945573732500001,0.003964787654702982,0.00036451113861386245
http-192-168-88-177-8000-social-myasiantv-vendor-myasiantv-cx,firefox,0,4298.392156862745,-0.47058823529411764,0.003703430197,0.0037180694826666615,0.000340139921568627
http-192-168-88-177-8000-social-myasiantv-vendor-myasiantv-cx,firefox,1,4286.705882352941,16.392156862745097,0.0037186652899999996,0.0037095685970588237,0.0003396107843137255
http-192-168-88-177-8000-social-myasiantv-vendor-myasiantv-cx,firefox,2,4311.0,115.0,0.005382520605000001,0.005382520605000006,0.0004957650000000005
http-192-168-88-177-8000-social-myasiantv-vendor-myasiantv-cx,opera,0,4252.0,-150.0,0.006987098999999999,0.006987099000000003,0.0006378000000000002
http-192-168-88-177-8000-social-myasiantv-vendor-myasiantv-cx,opera,1,4299.196078431372,-40.23529411764706,0.0038977108455,0.003921813835999998,0.0003582546666666665
http-192-168-88-177-8000-social-myasiantv-vendor-myasiantv-cx,opera,2,4297.470588235294,-28.313725490196077,0.0032682934170000007,0.0032857582225882297,0.00030114180392156815
http-192-168-88-177-8000-social-wechat-vendor-www-wechat-com,chrome,0,4259.267326732674,-10.297029702970297,0.0008794972,0.000884862433584158,8.168966336633659e-05
http-192-168-88-177-8000-social-wechat-vendor-www-wechat-com,chrome,1,4312.0,157.15841584158414,0.007337415624000001,0.007345233578851487,0.0006776670891089111
http-192-168-88-177-8000-social-wechat-vendor-www-wechat-com,chrome,2,4245.0,-126.0,0.005793711840000001,0.005793711839999999,0.0005348699999999999
http-192-168-88-177-8000-social-wechat-vendor-www-wechat-com,firefox,0,4243.514851485149,-87.6930693069307,0.004507584616,0.00453256147268317,0.0004185577128712872
http-192-168-88-177-8000-social-wechat-vendor-www-wechat-com,firefox,1,4311.0,80.99009900990099,0.0037457416800000002,0.003759629075643558,0.00034914831683168255
http-192-168-88-177-8000-social-wechat-vendor-www-wechat-com,firefox,2,4259.0,-148.0,0.006821452903999999,0.006821452903999988,0.000630331999999999
http-192-168-88-177-8000-social-wechat-vendor-www-wechat-com,opera,0,4305.686274509804,-22.058823529411764,0.0022851716925,0.002311985543529414,0.00021127529411764728
http-192-168-88-177-8000-social-wechat-vendor-www-wechat-com,opera,1,4260.0,-153.0,0.007080286139999999,0.007080286139999993,0.0006517799999999994
http-192-168-88-177-8000-social-wechat-vendor-www-wechat-com,opera,2,4257.138613861386,-127.65346534653466,0.009815347061499998,0.009804478143683175,0.0009038051386138619
http-192-168-88-177-8000-social-wechat-www-wechat-com,chrome,0,4313.0,115.0,0.004574561885,0.004574561884999993,0.0004959949999999992
http-192-168-88-177-8000-social-wechat-www-wechat-com,chrome,1,4249.0,-110.0,0.004306531460000001,0.004306531460000001,0.0004673900000000001
http-192-168-88-177-8000-social-wechat-www-wechat-com,chrome,2,4288.767441860465,-178.37209302325581,0.010313834000499999,0.010283026530279077,0.0011161431162790706
http-192-168-88-177-8000-social-wechat-www-wechat-com,firefox,0,4263.0,-732.0,0.028902219191999996,0.028902219191999975,0.0031205159999999972
http-192-168-88-177-8000-social-wechat-www-wechat-com,firefox,1,4263.0,-892.0,0.03545920769999999,0.03545920769999995,0.0038025959999999953
http-192-168-88-177-8000-social-wechat-www-wechat-com,firefox,2,4250.091954022989,-82.93103448275862,0.0049528058870000015,0.004960547536206902,0.0005342539080459775
http-192-168-88-177-8000-social-wechat-www-wechat-com,opera,0,4291.781609195402,109.57471264367815,0.004368297457999999,0.004381503154528736,0.0004703202183908046
http-192-168-88-177-8000-social-wechat-www-wechat-com,opera,1,4234.0,-217.83908045977012,0.008678118601000002,0.008639542213333335,0.0009275866666666668
http-192-168-88-177-8000-social-wechat-www-wechat-com,opera,2,4301.209302325581,101.59302325581395,0.0040168030285,0.004028267664895351,0.00043704759302325597
http-192-168-88-177-8000-social-whatsapp-vendor-www-whatsapp-com,chrome,0,4287.861386138614,119.31683168316832,0.0061610061120000005,0.006137862949425737,0.0005661190693069301
http-192-168-88-177-8000-social-whatsapp-vendor-www-whatsapp-com,chrome,1,4251.96,73.16,0.005628089232000001,0.005633995516200006,0.0005248249200000006
http-192-168-88-177-8000-social-whatsapp-vendor-www-whatsapp-com,chrome,2,4251.0,-167.0,0.006604357851000002,0.006604357850999992,0.000709916999999999
http-192-168-88-177-8000-social-whatsapp-vendor-www-whatsapp-com,firefox,0,4260.0,182.20224719101122,0.00745910025,0.007431146680449438,0.0007823083146067415
http-192-168-88-177-8000-social-whatsapp-vendor-www-whatsapp-com,firefox,1,4305.0,149.0,0.006090520274999999,0.006090520274999989,0.000641444999999999
http-192-168-88-177-8000-social-whatsapp-vendor-www-whatsapp-com,firefox,2,4288.460674157303,24.51685393258427,0.003212002401,0.00320266151638203,0.00033737085393258505
http-192-168-88-177-8000-social-whatsapp-vendor-www-whatsapp-com,opera,0,4261.6292134831465,-338.12359550561797,0.0136917371925,0.013663499816629196,0.0014376578089887622
http-192-168-88-177-8000-social-whatsapp-vendor-www-whatsapp-com,opera,1,4309.863636363636,-241.70454545454547,0.009819621261000002,0.009804900613295463,0.001041855340909092
http-192-168-88-177-8000-social-whatsapp-vendor-www-whatsapp-com,opera,2,4181.842696629214,-666.0449438202247,0.02640065528,0.02636149515955056,0.0027757707865168537
http-192-168-88-177-8000-social-whatsapp-www-whatsapp-com,chrome,0,4220.3488372093025,-366.1162790697674,0.0142599897195,0.01421248601988373,0.0015450033720930242
http-192-168-88-177-8000-social-whatsapp-www-whatsapp-com,chrome,1,4285.197674418605,51.13953488372093,0.0020445098655,0.002028316457546504,0.000219967081395348
http-192-168-88-177-8000-social-whatsapp-www-whatsapp-com,chrome,2,4248.0,-265.24418604651163,0.0103847728055,0.010362867196534887,0.001124687127906977
http-192-168-88-177-8000-social-whatsapp-www-whatsapp-com,firefox,0,4292.149425287356,55.89655172413793,0.007100974991,0.007139228044390806,0.0007688162873563221
http-192-168-88-177-8000-social-whatsapp-www-whatsapp-com,firefox,1,4272.540229885058,-0.896551724137931,0.000466981911,0.0005044055368965513,5.4149816091953976e-05
http-192-168-88-177-8000-social-whatsapp-www-whatsapp-com,firefox,2,4258.0,-169.0,0.006640487255999999,0.006640487255999999,0.0007196019999999999
http-192-168-88-177-8000-social-whatsapp-www-whatsapp-com,opera,0,4306.627906976744,124.16279069767442,0.004928596886999999,0.004920262055813945,0.000534811093023255
http-192-168-88-177-8000-social-whatsapp-www-whatsapp-com,opera,1,4294.581395348837,57.325581395348834,0.004753190556999999,0.004727062697279073,0.000512307651162791
http-192-168-88-177-8000-social-whatsapp-www-whatsapp-com,opera,2,4312.0,142.0,0.0056485044000000005,0.005648504400000005,0.0006123040000000006
http-192-168-88-177-8000-social-youtube-vendor-www-youtube-com,chrome,0,4218.651685393258,-318.3707865168539,0.013267644037499998,0.013225684378651693,0.0013946730337078658
http-192-168-88-177-8000-social-youtube-vendor-www-youtube-com,chrome,1,4238.0,-297.0,0.011830389714000002,0.011830389713999986,0.0012586859999999987
http-192-168-88-177-8000-social-youtube-vendor-www-youtube-com,chrome,2,4241.595505617977,-363.87640449438203,0.0162890644275,0.016267126103595514,0.0017325728089887652
http-192-168-88-177-8000-social-youtube-vendor-www-youtube-com,firefox,0,4234.632183908046,-333.2413793103448,0.016827126823999998,0.01690022175227585,0.0018308115862068952
http-192-168-88-177-8000-social-youtube-vendor-www-youtube-com,firefox,1,4262.255319148936,-300.1276595744681,0.018110792603999996,0.018214881427531925,0.0018404447234042563
http-192-168-88-177-8000-social-youtube-vendor-www-youtube-com,firefox,2,4248.28125,-391.2604166666667,0.021642009526499997,0.02182891163250002,0.002155303281250002
http-192-168-88-177-8000-social-youtube-vendor-www-youtube-com,opera,0,4294.727272727273,-269.59090909090907,0.010914374460000001,0.010882070660999988,0.0011584064999999987
http-192-168-88-177-8000-social-youtube-vendor-www-youtube-com,opera,1,4240.233333333334,-296.8888888888889,0.011828661770999999,0.011928069749399998,0.0012538704666666665
http-192-168-88-177-8000-social-youtube-vendor-www-youtube-com,opera,2,4286.0,-51.08988764044944,0.0020327105050000002,0.0020539504040449443,0.00021897125842696634
http-192-168-88-177-8000-social-youtube-www-youtube-com,chrome,0,4251.0,90.93023255813954,0.0035630521680000008,0.0035477046739534977,0.00038654441860465214
http-192-168-88-177-8000-social-youtube-www-youtube-com,chrome,1,4311.0,139.0,0.005551257455999999,0.005551257455999998,0.0005992289999999998
http-192-168-88-177-8000-social-youtube-www-youtube-com,chrome,2,4252.0,-99.0,0.0038226287879999997,0.0038226287880000014,0.0004209480000000002
http-192-168-88-177-8000-social-youtube-www-youtube-com,firefox,0,4252.0,-374.0,0.014784535656,0.014784535656000004,0.0015902480000000003
http-192-168-88-177-8000-social-youtube-www-youtube-com,firefox,1,4263.527472527472,-307.5824175824176,0.013776310953,0.01374094299461538,0.0014120792307692304
http-192-168-88-177-8000-social-youtube-www-youtube-com,firefox,2,4287.153846153846,118.4065934065934,0.0048951340345,0.004886859486208787,0.0005080423626373622
http-192-168-88-177-8000-social-youtube-www-youtube-com,opera,0,4301.6551724137935,-351.7701149425287,0.0140390971535,0.014049285507218392,0.0015129534252873566
http-192-168-88-177-8000-social-youtube-www-youtube-com,opera,1,4196.932584269663,-628.1685393258427,0.024657977614499997,0.024598995780539302,0.0026247327977528064
http-192-168-88-177-8000-social-youtube-www-youtube-com,opera,2,4250.568181818182,-41.81818181818182,0.0016074412279999996,0.0016556818400000014,0.00017749590909090925
