{"page":1,"results_per_page":20,"results_size":3,"total_results_size":3,"total_pages":1,"next_page":null,"prev_page":null,"results":[{"id":"YhTvgBEAACgA1Jcb","uid":null,"url":null,"type":"menu-sub-menu","href":"https://ev-mercury.cdn.prismic.io/api/v2/documents/search?ref=ZKPcZxAAAOS8S6dd&q=%5B%5B%3Ad+%3D+at%28document.id%2C+%22YhTvgBEAACgA1Jcb%22%29+%5D%5D","tags":["Navigations"],"first_publication_date":"2022-02-22T14:18:39+0000","last_publication_date":"2022-08-15T10:05:29+0000","slugs":["send"],"linked_documents":[],"lang":"en-gb","alternate_languages":[],"data":{"group-name":"Send","group-path":"/send","sublinks":[{"link-name":"Send a parcel","link-path":"/send","is-main-link":true,"is-new-link":false,"has-border-top":false,"is-bold-link":true,"is-external-link":false},{"link-name":"Bulk send","link-path":"/customer/bulk-upload","is-main-link":false,"is-new-link":true,"has-border-top":false,"is-bold-link":true,"is-external-link":false},{"link-name":"Quick send","link-path":"/customer/quick-send","is-main-link":false,"is-new-link":false,"has-border-top":false,"is-bold-link":true,"is-external-link":false},{"link-name":"Send international parcels","link-path":"https://international.evri.com/","is-main-link":false,"is-new-link":false,"has-border-top":false,"is-bold-link":false,"is-external-link":false},{"link-name":"How to wrap a parcel","link-path":"/send/how-to-wrap-a-parcel","is-main-link":false,"is-new-link":false,"has-border-top":true,"is-bold-link":false,"is-external-link":false},{"link-name":"How to send a parcel","link-path":"/send/how-to-send-a-parcel","is-main-link":false,"is-new-link":false,"has-border-top":false,"is-bold-link":false,"is-external-link":false},{"link-name":"What I can and cannot send","link-path":"/send/what-i-can-and-cannot-send","is-main-link":false,"is-new-link":false,"has-border-top":false,"is-bold-link":false,"is-external-link":false},{"link-name":"Parcel size and weight guide","link-path":"/send/parcel-size-and-weight-guide","is-main-link":false,"is-new-link":false,"has-border-top":false,"is-bold-link":false,"is-external-link":false}]}},{"id":"YhTvcBEAACYA1JbP","uid":null,"url":null,"type":"menu-sub-menu","href":"https://ev-mercury.cdn.prismic.io/api/v2/documents/search?ref=ZKPcZxAAAOS8S6dd&q=%5B%5B%3Ad+%3D+at%28document.id%2C+%22YhTvcBEAACYA1JbP%22%29+%5D%5D","tags":["Navigations"],"first_publication_date":"2022-02-22T14:18:34+0000","last_publication_date":"2022-04-01T09:44:25+0000","slugs":["track"],"linked_documents":[],"lang":"en-gb","alternate_languages":[],"data":{"group-name":"Track","group-path":"/track-a-parcel","sublinks":[{"link-name":"Track a parcel","link-path":"/track-a-parcel","is-main-link":true,"is-new-link":false,"has-border-top":false,"is-bold-link":true,"is-external-link":null}]}},{"id":"YhTvYREAACcA1JaL","uid":null,"url":null,"type":"menu-sub-menu","href":"https://ev-mercury.cdn.prismic.io/api/v2/documents/search?ref=ZKPcZxAAAOS8S6dd&q=%5B%5B%3Ad+%3D+at%28document.id%2C+%22YhTvYREAACcA1JaL%22%29+%5D%5D","tags":["Navigations"],"first_publication_date":"2022-02-22T14:18:28+0000","last_publication_date":"2022-04-01T09:44:07+0000","slugs":["return"],"linked_documents":[],"lang":"en-gb","alternate_languages":[],"data":{"group-name":"Return","group-path":"/return-a-parcel","sublinks":[{"link-name":"Return a parcel","link-path":"/return-a-parcel","is-main-link":true,"is-new-link":false,"has-border-top":false,"is-bold-link":true,"is-external-link":null},{"link-name":"How to return a parcel","link-path":"/return-a-parcel/how-to-return-a-parcel","is-main-link":false,"is-new-link":false,"has-border-top":false,"is-bold-link":false,"is-external-link":null}]}}],"version":"7fcedd2","license":"All Rights Reserved"}