{"page":1,"results_per_page":1,"results_size":1,"total_results_size":1,"total_pages":1,"next_page":null,"prev_page":null,"results":[{"id":"Yzb4mxAAACMADLlr","uid":null,"url":null,"type":"info-banner","href":"https://ev-mercury.cdn.prismic.io/api/v2/documents/search?ref=ZKPcZxAAAOS8S6dd&q=%5B%5B%3Ad+%3D+at%28document.id%2C+%22Yzb4mxAAACMADLlr%22%29+%5D%5D","tags":["Info Banner"],"first_publication_date":"2022-09-30T14:09:34+0000","last_publication_date":"2023-03-17T14:57:37+0000","slugs":["infobanner"],"linked_documents":[],"lang":"en-gb","alternate_languages":[],"data":{"enabled":true,"banner-items":[{"banner-item":{"id":"ZAYDFREAACMA2KZo","type":"info-banner-item","tags":["Info Banner"],"lang":"en-gb","slug":"information","first_publication_date":"2023-03-06T15:15:04+0000","last_publication_date":"2023-05-23T10:29:09+0000","link_type":"Document","isBroken":false}},{"banner-item":{"id":"Y9FMcBEAACUANhT8","type":"info-banner-item","tags":["Info Banner"],"lang":"en-gb","slug":"information","first_publication_date":"2023-01-25T15:38:00+0000","last_publication_date":"2023-06-28T15:03:02+0000","link_type":"Document","isBroken":false}},{"banner-item":{"id":"Y1Fm_hAAAJY1gIi5","type":"info-banner-item","tags":["Info Banner"],"lang":"en-gb","slug":"trustpilot","first_publication_date":"2022-10-20T15:20:15+0000","last_publication_date":"2023-03-16T16:19:35+0000","link_type":"Document","isBroken":false}}],"autoscroll":true,"leftChevronGtmTrack":null,"rightChevronGtmTrack":null,"slices":[]}}],"version":"7fcedd2","license":"All Rights Reserved"}