{"page":1,"results_per_page":20,"results_size":3,"total_results_size":3,"total_pages":1,"next_page":null,"prev_page":null,"results":[{"id":"YhTv_xEAACgA1Jlh","uid":null,"url":null,"type":"menu-sub-menu","href":"https://ev-mercury.cdn.prismic.io/api/v2/documents/search?ref=ZKPcZxAAAOS8S6dd&q=%5B%5B%3Ad+%3D+at%28document.id%2C+%22YhTv_xEAACgA1Jlh%22%29+%5D%5D","tags":["Navigations"],"first_publication_date":"2022-02-22T14:18:48+0000","last_publication_date":"2023-06-14T16:31:59+0000","slugs":["our-services"],"linked_documents":[],"lang":"en-gb","alternate_languages":[],"data":{"group-name":"Our Services","group-path":"/our-services/","sublinks":[{"link-name":"Our services","link-path":"/our-services","is-main-link":true,"is-new-link":false,"has-border-top":false,"is-bold-link":false,"is-external-link":false},{"link-name":"Our prices","link-path":"/our-services/our-prices","is-main-link":false,"is-new-link":false,"has-border-top":false,"is-bold-link":false,"is-external-link":false},{"link-name":"Evri mobile app","link-path":"/our-services/mobile-app","is-main-link":false,"is-new-link":false,"has-border-top":false,"is-bold-link":false,"is-external-link":false},{"link-name":"International services","link-path":"/our-services/international-courier-services","is-main-link":false,"is-new-link":false,"has-border-top":false,"is-bold-link":false,"is-external-link":false},{"link-name":"Evri video","link-path":"/our-services/evri-video","is-main-link":false,"is-new-link":false,"has-border-top":false,"is-bold-link":false,"is-external-link":false},{"link-name":"Courier services","link-path":"/our-services/courier-service","is-main-link":false,"is-new-link":false,"has-border-top":false,"is-bold-link":false,"is-external-link":false},{"link-name":"Next day delivery","link-path":"/our-services/next-day-parcel-delivery","is-main-link":false,"is-new-link":false,"has-border-top":false,"is-bold-link":false,"is-external-link":false},{"link-name":"Weekend delivery","link-path":"/our-services/weekend-delivery","is-main-link":false,"is-new-link":false,"has-border-top":false,"is-bold-link":false,"is-external-link":false},{"link-name":"Alexa","link-path":"/our-services/alexa","is-main-link":false,"is-new-link":false,"has-border-top":false,"is-bold-link":false,"is-external-link":false},{"link-name":"Google Assistant","link-path":"/our-services/google-assistant","is-main-link":false,"is-new-link":false,"has-border-top":false,"is-bold-link":false,"is-external-link":false},{"link-name":"Integrations","link-path":"/our-services/integrations","is-main-link":false,"is-new-link":false,"has-border-top":false,"is-bold-link":false,"is-external-link":false}]}},{"id":"YhTv8REAACUA1Jkg","uid":null,"url":null,"type":"menu-sub-menu","href":"https://ev-mercury.cdn.prismic.io/api/v2/documents/search?ref=ZKPcZxAAAOS8S6dd&q=%5B%5B%3Ad+%3D+at%28document.id%2C+%22YhTv8REAACUA1Jkg%22%29+%5D%5D","tags":["Navigations"],"first_publication_date":"2022-02-22T14:18:44+0000","last_publication_date":"2022-04-01T09:43:52+0000","slugs":["parcelshops"],"linked_documents":[],"lang":"en-gb","alternate_languages":[],"data":{"group-name":"ParcelShops","group-path":"/parcelshops","sublinks":[{"link-name":"ParcelShops","link-path":"/parcelshops","is-main-link":true,"is-new-link":false,"has-border-top":false,"is-bold-link":true,"is-external-link":null},{"link-name":"Lockers","link-path":"/parcelshops/lockers","is-main-link":false,"is-new-link":false,"has-border-top":false,"is-bold-link":false,"is-external-link":null},{"link-name":"Print in ParcelShop","link-path":"/parcelshops/print-in-parcelshop","is-main-link":false,"is-new-link":false,"has-border-top":false,"is-bold-link":false,"is-external-link":null},{"link-name":"Find a ParcelShop","link-path":"/find-a-parcelshop","is-main-link":false,"is-new-link":false,"has-border-top":false,"is-bold-link":false,"is-external-link":null}]}},{"id":"YhTwlxEAACgA1Jwg","uid":null,"url":null,"type":"menu-sub-menu","href":"https://ev-mercury.cdn.prismic.io/api/v2/documents/search?ref=ZKPcZxAAAOS8S6dd&q=%5B%5B%3Ad+%3D+at%28document.id%2C+%22YhTwlxEAACgA1Jwg%22%29+%5D%5D","tags":["Navigations"],"first_publication_date":"2022-02-22T14:18:55+0000","last_publication_date":"2023-05-18T15:38:21+0000","slugs":["help"],"linked_documents":[],"lang":"en-gb","alternate_languages":[],"data":{"group-name":"Help","group-path":"/help-and-support/help-centre/","sublinks":[{"link-name":"Help Centre","link-path":"/help-and-support/help-centre/","is-main-link":true,"is-new-link":false,"has-border-top":false,"is-bold-link":true,"is-external-link":false},{"link-name":"FAQs","link-path":"/faqs","is-main-link":false,"is-new-link":false,"has-border-top":false,"is-bold-link":false,"is-external-link":false},{"link-name":"Complaints procedure","link-path":"/complaints-procedure","is-main-link":false,"is-new-link":false,"has-border-top":false,"is-bold-link":false,"is-external-link":false},{"link-name":"Guides","link-path":"/guides","is-main-link":false,"is-new-link":false,"has-border-top":true,"is-bold-link":false,"is-external-link":false}]}}],"version":"7fcedd2","license":"All Rights Reserved"}