{"page":1,"results_per_page":20,"results_size":3,"total_results_size":3,"total_pages":1,"next_page":null,"prev_page":null,"results":[{"id":"ZAYDFREAACMA2KZo","uid":null,"url":null,"type":"info-banner-item","href":"https://ev-mercury.cdn.prismic.io/api/v2/documents/search?ref=ZKPcZxAAAOS8S6dd&q=%5B%5B%3Ad+%3D+at%28document.id%2C+%22ZAYDFREAACMA2KZo%22%29+%5D%5D","tags":["Info Banner"],"first_publication_date":"2023-03-06T15:15:04+0000","last_publication_date":"2023-05-23T10:29:09+0000","slugs":["information"],"linked_documents":[],"lang":"en-gb","alternate_languages":[],"data":{"banner-type":"Information","showOnAllPages":false,"item-richtext":[{"type":"paragraph","text":"International delivery from £6.08 - Save up to £5.55 vs Royal Mail! See our international prices","spans":[{"start":68,"end":96,"type":"strong"},{"start":68,"end":96,"type":"hyperlink","data":{"link_type":"Web","url":"https://international.evri.com/content/our-services"}}]}],"inclusionUrls":[{"inclusionUrl":"/"},{"inclusionUrl":"/send"},{"inclusionUrl":"/our-services/our-prices"}],"exclusionUrls":[{"exclusionUrl":null}]}},{"id":"Y9FMcBEAACUANhT8","uid":null,"url":null,"type":"info-banner-item","href":"https://ev-mercury.cdn.prismic.io/api/v2/documents/search?ref=ZKPcZxAAAOS8S6dd&q=%5B%5B%3Ad+%3D+at%28document.id%2C+%22Y9FMcBEAACUANhT8%22%29+%5D%5D","tags":["Info Banner"],"first_publication_date":"2023-01-25T15:38:00+0000","last_publication_date":"2023-06-28T15:03:02+0000","slugs":["information"],"linked_documents":[],"lang":"en-gb","alternate_languages":[],"data":{"banner-type":"Information","showOnAllPages":false,"item-richtext":[{"type":"paragraph","text":"To track International parcels with a tracking code starting “H0011C”, please use our International website.","spans":[{"start":86,"end":108,"type":"strong"},{"start":86,"end":107,"type":"hyperlink","data":{"link_type":"Web","url":"https://international.evri.com/tracking/"}}]}],"inclusionUrls":[{"inclusionUrl":null}],"exclusionUrls":[{"exclusionUrl":null}]}},{"id":"Y1Fm_hAAAJY1gIi5","uid":null,"url":null,"type":"info-banner-item","href":"https://ev-mercury.cdn.prismic.io/api/v2/documents/search?ref=ZKPcZxAAAOS8S6dd&q=%5B%5B%3Ad+%3D+at%28document.id%2C+%22Y1Fm_hAAAJY1gIi5%22%29+%5D%5D","tags":["Info Banner"],"first_publication_date":"2022-10-20T15:20:15+0000","last_publication_date":"2023-03-16T16:19:35+0000","slugs":["trustpilot"],"linked_documents":[],"lang":"en-gb","alternate_languages":[],"data":{"banner-type":"TrustPilot","showOnAllPages":false,"item-richtext":[],"inclusionUrls":[{"inclusionUrl":"/send"},{"inclusionUrl":"/"},{"inclusionUrl":"/our-services/our-prices"}],"exclusionUrls":[{"exclusionUrl":null}]}}],"version":"7fcedd2","license":"All Rights Reserved"}