{"name":"Page Helpfulness Embed - Capital One Tech","id":8987,"pages":[{"pageName":"Page 1","view":{"backgroundColor":"","backgroundRepeat":false,"customCssClass":""},"components":[{"id":195960,"unique_name":"Article Helpfulness","type":"radio","data":{"label":"Did you find this article helpful?","alternatives":[{"id":"1","label":"Yes"},{"id":"2","label":"No"}]},"validation":{"required":true,"regex":"/.*/"},"view":{"customCssClass":"radiobutton","position":"horizontal"}},{"id":195961,"unique_name":"Page 1 textArea 80618","type":"textArea","data":{"label":"What topics would you like to see more of?"},"validation":{"required":false,"regex":"/.*/"},"conditionalDisplay":{"type":"component","id":195960,"condition":"Equals","value":"1","componentType":"radio"},"view":{"customCssClass":"comment","numberOfLines":3}},{"id":195962,"unique_name":"Page 1 textArea 17085","type":"textArea","data":{"label":"How can we make this page or the website better?"},"validation":{"required":false,"regex":"/.*/"},"conditionalDisplay":{"type":"component","id":195960,"condition":"Equals","value":"2","componentType":"radio"},"view":{"customCssClass":"comment","numberOfLines":3}},{"id":195963,"unique_name":"Page 1 text 58067","type":"label","data":{"text":"<p><span style=\"font-size:12px\">For your security, please do not enter any personal information such as account numbers, names, phone numbers&nbsp;or email addresses. By submitting this form, you agree to our&nbsp;<a href=\"https://www.capitalone.com/privacy/online-privacy-policy\" target=\"_blank\">Privacy Policy</a>.</span></p>\n"},"validation":{"required":false,"regex":"/.*/"},"conditionalDisplay":{"type":"component","id":195960,"condition":"Has Value","componentType":"radio"},"view":{"customCssClass":"footertext","numberOfLines":18}}]}],"settings":{"formBasicSettings":{"widthPX":450,"heightPX":450,"nextButtonLabel":"Next","nextButtoncolor":"#004ccb","backButtonLabel":"Back","backButtoncolor":"#004ccb","closeButtonLabel":"Close","closeButtoncolor":"#4D4D51","submitButtonLabel":"Submit","submitButtoncolor":"#0276b1","isFixedSize":false,"nextButtonTextColor":null,"backButtonTextColor":null,"closeButtonTextColor":"","submitButtonTextColor":"#ffffff","htmlLanguage":null,"isShowCloseButton":false,"isShowBackButton":false,"isFullWidthEmbedded":true,"navigationButtons":"Submit","transitionType":null,"closeModalButton":"Close Survey","formAnnouncement":"Feedback Survey","titleElement":""},"formDesignSettingsContract":{"logoURL":null,"backgroundImgUrl":{"name":"","uuid":"","url":"","resourceId":null},"doReapet":false,"customCssFile":null,"secondaryCustomCssFile":null,"customCssFileResource":{"name":"Capitalone_web_ease_V2_(3).css","uuid":"","url":"https://capitalone-resources.digital-cloud.medallia.com/wdcus/115384/resources/css/1687378573517_Capitalone_web_ease_V2_(3).css","resourceId":null},"secondaryCustomCssFileResource":{"name":"cemp_digital_embedded_sitetech.css","uuid":"","url":"https://capitalone-resources.digital-cloud.medallia.com/wdcus/115384/resources/css/1645218347509_cemp_digital_embedded_sitetech.css","resourceId":null},"theme":null,"backgroundColor":"","textColor":"#40404a","doCover":false},"formThankYouPageSettings":{"includeThankYouPage":true,"logoURL":{"name":"","uuid":"","url":"","resourceId":null},"headline":"&ltp style=\"text-align: center;\"&gtThank You For Providing Feedback&lt/p&gt\n","collectUserDetails":false,"ContactDetailsText":"","nameTitle":"","emailTitle":"","phoneTitle":"","backgroundColor":"","buttonColor":"#004ccb","textColor":"#FFFFFF","closeButtonLabel":"Close","isShowCloseButton":false,"closeModalButton":"Close Survey","logoLabel":"","thankYouPageAnnouncement":"Survey completion message","contactDetailsText":""},"formAdvanceSettings":{"requiredErrorMsg":"This Field is Required.","emailValidationErrorMsg":"A valid email address is required. For example: 'name@example.com'","htmlLanguage":"en","isCustomParamEnabled":false,"isRtl":null},"formScreenCaptureSettings":{"enabled":true,"screenCaptureAsComponentEnabled":false,"buttonImage":{"name":"","uuid":"","url":"","resourceId":null},"buttonTooltip":"Attach a Screen Capture to your feedback","submitScreenCaptureLabel":"Capture Image","submitScreenCaptureTooltip":"Take snapshot","cancelScreenCaptureLabel":"Cancel","titleInstructionsScreenCapture":"Screen Capture","bodyInstructionsScreenCapture":"Click \"Capture Image\" button or drag the cursor to highlight a specific area","cancelScreenCaptureTooltip":"Back to Feedback","instructionsScreenCapture":"&ltp style=\"text-align:center;&gt &ltspan style=\"font-size:16px; font-family: 'Open Sans';\"&gt &ltstrong&gtScreen Capture&lt/strong&gt &lt/span&gt &lt/p&gt &ltp style=\"text-align:center; font-size:12px; font-family: 'Open Sans';\"&gt Click Capture Image button or drag the cursor to highlight a specific area. &lt/p&gt","wcagDisabledScreenCaptureTooltip":"Feedback Screen Capture Button Disabled","wcagScreenCaptureTooltip":"Feedback Screen Capture Button"},"formLocalizationSettings":{"defaultLanguage":"en","useCustomParam":false,"customParam":null},"formMobileSettingsContract":{"title":"","formViewType":"full","titleTextColor":"","titleBackgroundColor":"","uiRevamp":null,"newAndroidButton":null,"wcagSupport":null,"showPoweredBy":null,"selectedFormHeaderTheme":null,"actualViewType":"full"}},"propertyType":"website","surveyMessages":{"mediaCaptureVideoLimitMsg":"Max video length limit %d seconds","mediaCaptureOopsMsg":"Oops...\nWe can’t collect your feedback at the moment.\nRefresh and try again","mediaCaptureVideoTooLongMsg":"Oh no… Your video is too long. Please record again up to %d sec"}}