{"vendors":{"1024":{"id":1024,"name":"Polldaddy","policyUrl":"https://automattic.com/privacy/"},"3072":{"id":3072,"name":"ArkMedia","policyUrl":"http://www.arkmedia.co/privacy-policy"},"3073":{"id":3073,"name":"E.ON Energie Deutschland GmbH","policyUrl":"https://www.eon.de/de/pk/datenschutz.html"},"3074":{"id":3074,"name":"Getquanty","policyUrl":"http://www.getquanty.com/mentions-legales/"},"1027":{"id":1027,"name":"MaxCDN","policyUrl":"https://www.stackpath.com/legal/privacy-statement/"},"3075":{"id":3075,"name":"MT-TECHNOLOGIES LLC","policyUrl":"https://static.wi-fi.ru/docs/offers/offer_portal.pdf"},"2052":{"id":2052,"name":"StreamRail","policyUrl":"https://www.ironsrc.com/wp-content/uploads/2016/11/ironSourceDisplayPrivacyPolicy.pdf"},"3076":{"id":3076,"name":"EasyPlatform","policyUrl":"https://easyplatform.com/policy.php"},"3077":{"id":3077,"name":"Retargetly","policyUrl":"https://retargetly.com/privacy-policy/"},"3078":{"id":3078,"name":"Illuma Technology","policyUrl":"https://www.weareilluma.com/end-user-policy"},"1031":{"id":1031,"name":"MoPub (a division of Twitter, Inc.)","policyUrl":"https://www.mopub.com/en/gdpr"},"2056":{"id":2056,"name":"Treepodia","policyUrl":"https://www.treepodia.com/En/docroot/Documents/Treepodia_Website_and_Platform_Privacy_Policy.pdf"},"1033":{"id":1033,"name":"Yandex","policyUrl":"https://yandex.ru/legal/confidential/"},"1040":{"id":1040,"name":"Adblade","policyUrl":"https://www.adblade.com/doc/privacy"},"2064":{"id":2064,"name":"Bluecore, Inc.","policyUrl":"https://www.bluecore.com/privacy/"},"3089":{"id":3089,"name":"Transmit.Live","policyUrl":"https://transmit.live/privacy-policy/"},"3090":{"id":3090,"name":"Goodeed","policyUrl":"https://goodeed.com/knowmore/privacypolicy"},"2068":{"id":2068,"name":"Optimize LCC D.B.A Genius Monkey","policyUrl":"https://www.geniusmonkey.com/gdpr.php"},"3093":{"id":3093,"name":"MMG","policyUrl":"https://themoneydaily.com/privacy-policy/"},"1046":{"id":1046,"name":"Singular Labs Inc.","policyUrl":"https://www.singular.net/gdpr-frequently-asked-questions/"},"2070":{"id":2070,"name":"Ubimo","policyUrl":"http://www.ubimo.com/privacy/"},"3094":{"id":3094,"name":"Spirable","policyUrl":"https://www.spirable.com/privacy-policy"},"3095":{"id":3095,"name":"Kwanza DSP","policyUrl":"https://kwanza.co.tz/gdpr-compliance"},"2072":{"id":2072,"name":"gskinner","policyUrl":"https://createjs.com/legal/privacy.html"},"3097":{"id":3097,"name":"Flarie","policyUrl":"https://flarie.com/privacy"},"2074":{"id":2074,"name":"Yahoo! Japan","policyUrl":"http://docs.yahoo.co.jp/docs/info/terms/chapter1.html"},"1051":{"id":1051,"name":"Netquest","policyUrl":"https://www.nicequest.com/us/privacy"},"3099":{"id":3099,"name":"OTM Worldwide LLC","policyUrl":"http://otm-r.com/privacy_policy/"},"1053":{"id":1053,"name":"Mixmarket Affiliate Network","policyUrl":"http://mixmarket.biz/confidential/"},"3104":{"id":3104,"name":"Playdigo","policyUrl":"https://playdigo.com/home/privacy-policy/"},"3106":{"id":3106,"name":"FORTVISION","policyUrl":"https://www.fortvision.com/privacy-policy/index.html"},"3109":{"id":3109,"name":"Dynamo.video","policyUrl":"https://dynamo.video/en/privacy-policy/"},"39":{"id":39,"name":"Digilant","policyUrl":"https://www.digilant.com/privacy-policy/"},"2088":{"id":2088,"name":"tapCLIQ","policyUrl":"https://www.tapcliq.com/privacy"},"3112":{"id":3112,"name":"Buzzoola","policyUrl":"https://buzzoola.com/en/privacy"},"2090":{"id":2090,"name":"ADBOX","policyUrl":"http://www.adboxdigital.uk/privacy"},"43":{"id":43,"name":"AdPredictive","policyUrl":"https://adpredictive.com/privacy"},"1067":{"id":1067,"name":"Mail.ru","policyUrl":"https://help.mail.ru/mail-help/UA"},"3117":{"id":3117,"name":"Blue Face co.,Ltd","policyUrl":"https://www.clickmon.co.kr/home_new/rt_info.php"},"46":{"id":46,"name":"Adriver","policyUrl":"https://www.adriver.ru/about/privacy-en/"},"3118":{"id":3118,"name":"TVSquared","policyUrl":"https://tvsquared.com/privacy-policy/"},"3119":{"id":3119,"name":"Cloudinary, Inc.","policyUrl":"https://cloudinary.com/privacy"},"3120":{"id":3120,"name":"Raptor Services","policyUrl":"https://raptorsmartadvisor.com/privacy-policy-ads/"},"3124":{"id":3124,"name":"SmartyAds","policyUrl":"https://smartyads.com/privacy-policy"},"3126":{"id":3126,"name":"clean.io","policyUrl":"https://clean.io/privacy-policy/"},"55":{"id":55,"name":"Adtelligence","policyUrl":"https://adtelligence.com/en/data-privacy/"},"2103":{"id":2103,"name":"Crutchfield","policyUrl":"https://www.crutchfield.com/support/privacy.aspx"},"3127":{"id":3127,"name":"Nomura","policyUrl":"https://www.nomuraholdings.com/policy/privacy.html"},"3128":{"id":3128,"name":"Pandora","policyUrl":"https://it.pandora.net/it/politica-sui-cookie/cookie-policy.html"},"3130":{"id":3130,"name":"Target RTB","policyUrl":"http://new-programmatic.com/privacy.htm"},"2107":{"id":2107,"name":"Chalk Digital","policyUrl":"https://www.chalkdigital.com/index.php/privacy-policy-2/"},"61":{"id":61,"name":"Artsai","policyUrl":"https://artsai.com/privacy/"},"1085":{"id":1085,"name":"activecore","policyUrl":"https://www.activecore.jp/privacy-policy/"},"2109":{"id":2109,"name":"Bizible","policyUrl":"https://www.bizible.com/gdpr"},"3135":{"id":3135,"name":"MI DSP","policyUrl":"http://whiteboxdigital.ru/policy.pdf"},"3136":{"id":3136,"name":"Programmatic Ecosystem LLC","policyUrl":"http://mediasniper.ru/confidency.php"},"2115":{"id":2115,"name":"Oxford BioChronometrics","policyUrl":"https://oxford-biochron.com/privacy-policy/"},"1092":{"id":1092,"name":"Walmart","policyUrl":"https://corporate.walmart.com/privacy-security/walmart-privacy-policy"},"70":{"id":70,"name":"Akamai","policyUrl":"http://www.akamai.com/compliance/privacy"},"1095":{"id":1095,"name":"Manage.com","policyUrl":"https://www.manage.com/privacy-policy/"},"1097":{"id":1097,"name":"Cloudflare","policyUrl":"https://www.cloudflare.com/security-policy/"},"3145":{"id":3145,"name":"bly","policyUrl":"https://www.bly.ch/datenschutz/"},"1099":{"id":1099,"name":"Brainworkz","policyUrl":"https://brainworks.pl/index.php?option\u003dcom_content\u0026view\u003darticle\u0026id\u003d83"},"2124":{"id":2124,"name":"AdTile","policyUrl":"https://www.adtile.me/privacy-policy/"},"3149":{"id":3149,"name":"Adimo","policyUrl":"https://adimo.co/privacy-policy"},"3150":{"id":3150,"name":"Adwatch","policyUrl":"http://theadwatch.com/politica-privacidad/"},"3151":{"id":3151,"name":"t2ó","policyUrl":"https://www.t2omedia.com/en/privacy-policy/"},"2130":{"id":2130,"name":"Crucial Interactive Inc.","policyUrl":"https://www.advertisers.contobox.com/privacy-policy"},"3154":{"id":3154,"name":"GROUPE M6","policyUrl":"https://www.6play.fr/politique-de-confidentialite"},"83":{"id":83,"name":"Arbigo Inc.","policyUrl":"http://www.arbigo.com/terms--policy.html"},"1107":{"id":1107,"name":"TROVIT","policyUrl":"https://corporate.trovit.com/politica-de-privacidad"},"3155":{"id":3155,"name":"Zynga","policyUrl":"https://www.zynga.com/privacy/policy"},"2133":{"id":2133,"name":"DeltaX","policyUrl":"http://www.deltax.com/gdpr.html"},"2135":{"id":2135,"name":"OpenJS Foundation","policyUrl":"https://openjsf.org/wp-content/uploads/sites/84/2021/04/OpenJS-Foundation-Privacy-Policy-2019-11-15.pdf"},"89":{"id":89,"name":"Facebook","policyUrl":"https://www.facebook.com/about/privacy/update"},"2137":{"id":2137,"name":"Somo Audience","policyUrl":"https://somoaudience.com/legal/"},"3162":{"id":3162,"name":"IronNet Cybersecurity","policyUrl":"https://ironnet.com/privacy-statement/"},"3163":{"id":3163,"name":"Reset Digital","policyUrl":"http://www.resetdigital.co/privacy-policy/"},"2140":{"id":2140,"name":"Art of Click","policyUrl":"http://www.artofclick.com/privacy-policy/"},"93":{"id":93,"name":"Aunica","policyUrl":"https://aunica.com/privacy-policy/"},"3167":{"id":3167,"name":"Bytelogics","policyUrl":"https://beta.facewallet.io/privacy-policy/"},"2145":{"id":2145,"name":"Quantasy","policyUrl":"http://planqk.com"},"2147":{"id":2147,"name":"ENVISIONX LTD","policyUrl":"http://envisionx.co/privacy"},"3172":{"id":3172,"name":"Datablocks, Inc","policyUrl":"https://datablocks.net/privacy.html"},"3173":{"id":3173,"name":"Kaden","policyUrl":"https://kaden.ai/privacy-policy/"},"2150":{"id":2150,"name":"Wavenet","policyUrl":"https://www.wavenet.com.tw/privacy/"},"1127":{"id":1127,"name":"Scoota","policyUrl":"https://www.scoota.com/privacy"},"108":{"id":108,"name":"Booking.com","policyUrl":"https://www.booking.com/content/privacy.en-gb.html"},"2156":{"id":2156,"name":"twyn","policyUrl":"http://www.twyn.com/datenschutz.html"},"3180":{"id":3180,"name":"Alphonso.tv","policyUrl":"https://alphonso.tv/privacy/"},"3182":{"id":3182,"name":"LIDL SUPERMERCADOS, S.A.U.","policyUrl":"https://www.lidl.es/es/politica-de-privacidad/s797"},"1135":{"id":1135,"name":"LendGo \u0026 Innovative Metrics","policyUrl":"https://ads.innovativeadserver.com/gdrp"},"3183":{"id":3183,"name":"Kidoz","policyUrl":"https://kidoz.net/gdpr/"},"3184":{"id":3184,"name":"nativeMsg","policyUrl":"https://nativemsg.com/platform-privacy-policy/"},"3185":{"id":3185,"name":"Adflare","policyUrl":"https://www.adflare.com/privacy-policy/?utm_source\u003d\u0026utm_medium\u003d\u0026utm_campaign\u003d\u0026utm_term\u003d\u0026utm_content\u003d"},"3187":{"id":3187,"name":"MG-Comm","policyUrl":"https://www.mg-comm.com/privacy-policy/"},"3188":{"id":3188,"name":"90Degree","policyUrl":"https://90degr.ee/privacy/"},"117":{"id":117,"name":"direct interactive","policyUrl":"https://www.apartena.net/datenschutzerklaerung.html"},"3189":{"id":3189,"name":"tD-GDN","policyUrl":"https://www.touridat.com/datenschutz"},"2166":{"id":2166,"name":"Happyfication inc","policyUrl":"https://happyfication.com/privacy-policy/"},"3190":{"id":3190,"name":"bet365","policyUrl":"https://help.bet365.com/en/privacy-policy"},"1143":{"id":1143,"name":"Audience2Media","policyUrl":"https://www.audience2media.com/privacy"},"122":{"id":122,"name":"C3 Metrics","policyUrl":"https://c3metrics.com/privacy"},"3194":{"id":3194,"name":"Ad Optima Digital","policyUrl":"http://adoptimadigital.com/privacy-policy.html"},"124":{"id":124,"name":"CapitalData","policyUrl":"https://www.capitaldata.fr/politique-de-confidentialite/"},"3196":{"id":3196,"name":"MoMAGIC","policyUrl":"https://www.momagic.com/privacy-policy/"},"1149":{"id":1149,"name":"Tagtoo","policyUrl":"https://www.tagtoo.com.tw/privacy_en.html"},"3197":{"id":3197,"name":"Preciso","policyUrl":"https://preciso.net/privacy/"},"1152":{"id":1152,"name":"Addroid","policyUrl":"https://addroid.com/privacy.html"},"2177":{"id":2177,"name":"Adello","policyUrl":"http://www.adello.com/privacy-policy"},"135":{"id":135,"name":"ClickForce","policyUrl":"https://www.clickforce.com.tw/edcontent.php?lang\u003dtw\u0026tb\u003d15"},"2183":{"id":2183,"name":"Tribes Research","policyUrl":"https://www.tribesresearch.co.uk/terms-conditions-cookie-and-privacy-policy/"},"136":{"id":136,"name":"Clickpoint","policyUrl":"https://www.clickpoint.com/privacy/"},"3209":{"id":3209,"name":"Lentainform","policyUrl":"https://partner.lentainform.com/privacy-policy/"},"1162":{"id":1162,"name":"Inmind","policyUrl":"https://opinion.com.ua/Default.aspx?p\u003dconfidential\u0026l\u003d1"},"2186":{"id":2186,"name":"KeyCDN","policyUrl":"https://www.keycdn.com/gdpr"},"3210":{"id":3210,"name":"Sincro LLC","policyUrl":"https://www.sincrodigital.com/privacy-statement"},"3211":{"id":3211,"name":"AlikeAudience","policyUrl":"https://alikeaudience.com/privacy-policy/"},"1166":{"id":1166,"name":"Bridgewell","policyUrl":"https://www.bridgewell.com/privacy/"},"3214":{"id":3214,"name":"LINE","policyUrl":"https://terms.line.me/line_rules"},"143":{"id":143,"name":"Connexity","policyUrl":"http://connexity.com/gb/privacy-policy/"},"3215":{"id":3215,"name":"ClickOcean","policyUrl":"https://novilimited.com/clickoceanprivacypolicy"},"144":{"id":144,"name":"Constant Contact","policyUrl":"https://www.constantcontact.com/legal/privacy-statement"},"3217":{"id":3217,"name":"AdPlugg","policyUrl":"https://www.adplugg.com/legal/privacy"},"147":{"id":147,"name":"Conversive","policyUrl":"https://conversive.nl/privacy/"},"3219":{"id":3219,"name":"Intango Ltd.","policyUrl":"https://8proof.com/privacy.html"},"149":{"id":149,"name":"IBM","policyUrl":"https://www.ibm.com/customer-engagement/digital-marketing/gdpr"},"3222":{"id":3222,"name":"Vinstant","policyUrl":"https://vinstant.pro/privacy"},"3223":{"id":3223,"name":"Melvad","policyUrl":"https://melvad.com/policy"},"3225":{"id":3225,"name":"Purple Patch","policyUrl":"https://purplepatch.online/privacy-policy"},"2202":{"id":2202,"name":"AdTriba","policyUrl":"https://privacy.adtriba.com/"},"3226":{"id":3226,"name":"Biddeo Ad Server","policyUrl":"https://biddeo.me/en/gdpr-basic-information.html"},"3227":{"id":3227,"name":"HueAds","policyUrl":"https://www.hueads.com/privacypolicy.html"},"3228":{"id":3228,"name":"internetstores GmbH","policyUrl":"https://www.internetstores.com/en/legal/privacy-policy/"},"2205":{"id":2205,"name":"MEDIAN","policyUrl":"http://www.median.eu/en/privacy-policy/"},"3230":{"id":3230,"name":"Digitalist Group","policyUrl":"https://digitalist.global/privacy-policy/"},"159":{"id":159,"name":"DAC","policyUrl":"http://www.dac.co.jp/english/utility/rule"},"3231":{"id":3231,"name":"Aller Media AS","policyUrl":"https://personvern.aller.no/"},"3232":{"id":3232,"name":"TypeA Holdings","policyUrl":"https://risecodes.com/privacy"},"162":{"id":162,"name":"PulsePoint","policyUrl":"https://www.pulsepoint.com/privacy-policy"},"1186":{"id":1186,"name":"Orange Advertising","policyUrl":"https://www.orangeadvertising.fr/confidentialite-et-cookies/"},"3234":{"id":3234,"name":"Unity Ads","policyUrl":"https://unity3d.com/legal/gdpr"},"3235":{"id":3235,"name":"Loblaw Media","policyUrl":"https://www.loblaw.ca/en/privacy-policy"},"1188":{"id":1188,"name":"Advanse","policyUrl":"https://advanse.io/advanse-privacy-policy/"},"3236":{"id":3236,"name":"OXY AGENCY","policyUrl":"https://si.salesengineonline.com/privacy"},"3237":{"id":3237,"name":"PebblePost","policyUrl":"https://www.pebblepost.com/privacy-policy"},"3238":{"id":3238,"name":"Graphyte","policyUrl":"https://graphyte.ai/privacy-policy/"},"167":{"id":167,"name":"Demandbase","policyUrl":"https://www.demandbase.com/privacy-policy/"},"2216":{"id":2216,"name":"Sellpoints","policyUrl":"https://retargeter.com/legal-privacy/"},"3240":{"id":3240,"name":"unerry Inc","policyUrl":"https://www.unerry.co.jp/privacy-en/"},"171":{"id":171,"name":"Digitize","policyUrl":"http://www.digitize.ie/online-privacy/"},"2219":{"id":2219,"name":"HockeyCurve","policyUrl":"https://hockeycurve.com/optout.html"},"2220":{"id":2220,"name":"Umeng Plus Beijing Technology Limited Company","policyUrl":"https://dip.umeng.com/opt_out.html?spm\u003da211g2.181323.0.0.5c633604LjuRQc"},"3244":{"id":3244,"name":"Smartly.io Solutions Oy","policyUrl":"https://smartly.io/privacypolicy"},"3245":{"id":3245,"name":"hyScore.io GmbH","policyUrl":"https://hyscore.io/data-privacy/"},"2222":{"id":2222,"name":"AdTrader","policyUrl":"https://adtrader.com/privacy.html"},"1201":{"id":1201,"name":"Havas Media France - DBi","policyUrl":"https://www.havasgroup.com/data-protection-policy/"},"2225":{"id":2225,"name":"JustWatch","policyUrl":"https://www.justwatch.com/uk/imprint"},"3250":{"id":3250,"name":"Big Happy","policyUrl":"https://bighappy.co/privacy-policy/"},"3251":{"id":3251,"name":"Userneeds","policyUrl":"https://userneeds.com/pages/privacy-policy-english/"},"1205":{"id":1205,"name":"Netflix","policyUrl":"http://www.netflix.com/google-3PAS-info"},"3253":{"id":3253,"name":"Ad Lightning","policyUrl":"https://www.adlightning.com/privacy"},"3257":{"id":3257,"name":"HYP Pty Ltd","policyUrl":"https://www.hyp.mobi/privacy-policy"},"2234":{"id":2234,"name":"Softcube","policyUrl":"http://softcube.com/privacy-policy"},"1211":{"id":1211,"name":"Macromill group","policyUrl":"https://www.metrixlab.com/privacy-statement/"},"3260":{"id":3260,"name":"Machine Advertising","policyUrl":"https://f.hubspotusercontent40.net/hubfs/5138747/Website_Assets/Policies/Privacy_Policy.pdf?hsLang\u003den"},"1215":{"id":1215,"name":"GetIntent","policyUrl":"https://getintent.com/privacy/"},"192":{"id":192,"name":"engageBDR","policyUrl":"http://engagebdr.com/terms/EngageBDR_Buyer_Addendum_December_2015.pdf"},"196":{"id":196,"name":"Evidon","policyUrl":"https://www.crownpeak.com/privacy"},"3268":{"id":3268,"name":"Leanback Digital","policyUrl":"https://www.leanback.digital/privacy-policy/"},"3270":{"id":3270,"name":"Animmoov Media","policyUrl":"https://www.animmoov.com/privacy-policy.html"},"3272":{"id":3272,"name":"ablida","policyUrl":"https://www.ablida.de/nutzungsbedingungen"},"202":{"id":202,"name":"Eyereturn Marketing","policyUrl":"https://eyereturnmarketing.com/privacy/"},"1226":{"id":1226,"name":"YRGLM Inc.","policyUrl":"https://www.ebis.ne.jp/gdpr_e/"},"1227":{"id":1227,"name":"Trafmag","policyUrl":"http://trafmag.com/policy#gdpr"},"2253":{"id":2253,"name":"CUBED","policyUrl":"http://cubed.ai/privacy-policy/gdpr/"},"1230":{"id":1230,"name":"Ligatus","policyUrl":"https://www.ligatus.com/en/privacy-policy"},"3281":{"id":3281,"name":"Peer39","policyUrl":"https://www.peer39.com/privacy-policy/"},"211":{"id":211,"name":"Forbes","policyUrl":"https://www.forbes.com/privacy/english/"},"2264":{"id":2264,"name":"Cheq","policyUrl":"https://www.cheq.ai/privacy"},"3288":{"id":3288,"name":"Nørgård Mikkelsen A/S","policyUrl":"https://www.nmic.dk/privatlivspolitik?hsLang\u003dda-dk"},"218":{"id":218,"name":"Fringe81","policyUrl":"http://www.fringe81.com/privacy/"},"3290":{"id":3290,"name":"Porsche AG","policyUrl":"https://ux.porsche.com/privacy-policy/"},"3292":{"id":3292,"name":"IAB Tech Lab","policyUrl":"https://www.iab.com/topics/public-policy/"},"3293":{"id":3293,"name":"YSO Corp","policyUrl":"https://www.ysocorp.com/privacy-policy"},"3295":{"id":3295,"name":"SOL Networks Limited","policyUrl":"https://solnetworksltd.com/privacy"},"3296":{"id":3296,"name":"Bliss Point Media","policyUrl":"https://www.blisspointmedia.com/privacy"},"228":{"id":228,"name":"Goodway Group","policyUrl":"https://goodwaygroup.com/privacy-policy/"},"1252":{"id":1252,"name":"CoAdvertise","policyUrl":"http://www.coadvertise.com/en/gdpr/"},"3300":{"id":3300,"name":"Bannercloud.io","policyUrl":"https://www.bannercloud.io/privacy-policy"},"230":{"id":230,"name":"GroovinAds","policyUrl":"http://www.groovinads.com/en#privacy_modal"},"2279":{"id":2279,"name":"Intimate Merger","policyUrl":"https://corp.intimatemerger.com/privacypolicy-en/"},"2282":{"id":2282,"name":"INCUBIQ","policyUrl":"https://incubiq.com/privacy"},"3306":{"id":3306,"name":"Position2","policyUrl":"https://www.position2.com/privacy-policy/"},"3307":{"id":3307,"name":"Altice Media Ads \u0026 Connect","policyUrl":"https://www.bfmtv.com/politique-donnees-personnelles/"},"3308":{"id":3308,"name":"Arcspire","policyUrl":"https://public.arcspire.io/privacy.pdf"},"239":{"id":239,"name":"HQ GmbH","policyUrl":"https://www.hqgmbh.eu/datenschutz.html"},"241":{"id":241,"name":"hurra.com","policyUrl":"http://www.hurra.com/impressum"},"3314":{"id":3314,"name":"Everflow – Partner Marketing Platform","policyUrl":"https://www.everflow.io/legal/gdpr-policy"},"3315":{"id":3315,"name":"Boomplay","policyUrl":"https://www.boomplay.com/privacyPolicy"},"1268":{"id":1268,"name":"Adcash","policyUrl":"https://adcash.com/legal/"},"2292":{"id":2292,"name":"1trn","policyUrl":"https://1trn.com/privacy.php"},"3316":{"id":3316,"name":"Go Mobile Inc","policyUrl":"https://gonet-ads.com/policy.html"},"1270":{"id":1270,"name":"Stailamedia","policyUrl":"https://www.stailamedia.com/datenschutz"},"3318":{"id":3318,"name":"Malaberg Ltd","policyUrl":"https://madisondsp.com/privacy-policy/"},"2299":{"id":2299,"name":"Optomaton","policyUrl":"http://optomaton.com/privacy.html"},"1276":{"id":1276,"name":"ebuilders","policyUrl":"https://www.mediamonks.com/privacy-notice"},"3324":{"id":3324,"name":"Xiaomi DSP","policyUrl":"https://trust.mi.com/"},"3327":{"id":3327,"name":"Opera Software Ireland Ltd","policyUrl":"https://legal.opera.com/privacy"},"3328":{"id":3328,"name":"Mobinner","policyUrl":"https://mobinner.com/end-user-privacy-policy.html"},"2305":{"id":2305,"name":"E-Contenta","policyUrl":"https://e-contenta.com/en/privacy/"},"3330":{"id":3330,"name":"Nimbus","policyUrl":"http://www.adsbynimbus.com/privacy-policy"},"259":{"id":259,"name":"intelliAd","policyUrl":"https://www.intelliad.de/datenschutz"},"1284":{"id":1284,"name":"AdGibbon BV","policyUrl":"https://www.agcs.works/privacy-policy/"},"2309":{"id":2309,"name":"WooTag","policyUrl":"https://www.wootag.com/privacy-policy/"},"1286":{"id":1286,"name":"Wider Planet","policyUrl":"http://info.jp.widerplanet.com/policy/privacy?lang\u003den"},"2312":{"id":2312,"name":"StartApp","policyUrl":"https://www.startapp.com/policy/privacy-policy/"},"266":{"id":266,"name":"Interpolls","policyUrl":"https://www.interpolls.com/privacy"},"1290":{"id":1290,"name":"Adtoox","policyUrl":"https://www.adtoox.com/en/privacy-policy"},"2316":{"id":2316,"name":"Expedia, Inc.","policyUrl":"https://www.expedia.co.uk/p/support/privacy"},"2322":{"id":2322,"name":"PadSquad","policyUrl":"https://padsquad.com/privacy-policy"},"1301":{"id":1301,"name":"AppLovin Corp.","policyUrl":"https://www.applovin.com/privacy"},"2325":{"id":2325,"name":"OmniVirt","policyUrl":"https://www.omnivirt.com/tos/privacy/"},"2328":{"id":2328,"name":"fluct","policyUrl":"https://corp.fluct.jp/privacy/"},"1307":{"id":1307,"name":"SourceKnowledge","policyUrl":"http://www.sourceknowledge.com/privacy"},"2331":{"id":2331,"name":"Zucks","policyUrl":"http://zucks.co.jp/en/privacy/"},"286":{"id":286,"name":"Kwanzoo","policyUrl":"https://www.kwanzoo.com/gdpr"},"2334":{"id":2334,"name":"Conversion Logic","policyUrl":"http://www.conversionlogic.com/privacy-policy-overview/"},"2335":{"id":2335,"name":"CollegeHumor","policyUrl":"https://www.dropout.tv/privacy"},"1312":{"id":1312,"name":"M,P,NEWMEDIA,","policyUrl":"https://www.mp-newmedia.com/datenschutz"},"2336":{"id":2336,"name":"Louder","policyUrl":"http://louder.com.au/privacy/"},"2337":{"id":2337,"name":"Zuuvi","policyUrl":"https://zuuvi.com/privatlivspolitik/"},"291":{"id":291,"name":"Linkstorm","policyUrl":"https://www.linkstorm.net/privacy/"},"2343":{"id":2343,"name":"Viant","policyUrl":"https://viantinc.com/privacy-policy/"},"2354":{"id":2354,"name":"Snitcher.com","policyUrl":"http://help.snitcher.com/general-information/does-snitcher-conform-to-the-gdpr"},"2357":{"id":2357,"name":"Analights","policyUrl":"https://analights.com/docs/analights-consent-to-the-processing-of-personal-data-en.pdf"},"2358":{"id":2358,"name":"ROMIR","policyUrl":"http://ssp.rmh.ru/files/privacy_policy_eng.pdf"},"311":{"id":311,"name":"Dstillery","policyUrl":"https://dstillery.com/privacy-policy/"},"2359":{"id":2359,"name":"Pi-rate / pubintl","policyUrl":"https://pi-rate.com.au/privacy.html"},"317":{"id":317,"name":"DMA Institute","policyUrl":"https://www.dma-institute.com/privacy-compliancy/"},"1345":{"id":1345,"name":"CrossInstall, Inc","policyUrl":"https://www.crossinstall.com/data"},"322":{"id":322,"name":"Metalyzer","policyUrl":"https://metapeople.com/datenschutz/"},"2370":{"id":2370,"name":"Cauly","policyUrl":"https://www.cauly.net/index.html#/home/privacy4"},"323":{"id":323,"name":"ZMS","policyUrl":"https://zms.zalando.com/#"},"327":{"id":327,"name":"Mixpo","policyUrl":"http://www.netsertive.com/privacy-policy/"},"2376":{"id":2376,"name":"Millemedia","policyUrl":"https://www.millemedia.de/datenschutz/"},"2377":{"id":2377,"name":"ProData Media","policyUrl":"https://www.prodatamg.com/gdpr-privacy-policy/"},"1356":{"id":1356,"name":"OVC GmbH","policyUrl":"https://www.kissnofrog.com/legal/privacy"},"338":{"id":338,"name":"Ignition One","policyUrl":"https://www.ignitionone.com/privacy-policy/gdpr-subject-access-requests/"},"2387":{"id":2387,"name":"Bidease","policyUrl":"https://bidease.com/terms-of-use"},"1364":{"id":1364,"name":"CTP TECH, LLC","policyUrl":"https://www.creatopy.com/legal-information/privacy-policy/"},"1365":{"id":1365,"name":"Fractional Media","policyUrl":"https://www.fractionalmedia.com/privacy-policy"},"2392":{"id":2392,"name":"22-Visions","policyUrl":"http://www.universalmediasolutions.net/DataPrivacy"},"2394":{"id":2394,"name":"Quple","policyUrl":"http://quple.io/privacy.html"},"1375":{"id":1375,"name":"Adsniper","policyUrl":"http://ad-sniper.com/docs/privacy-en.pdf"},"2400":{"id":2400,"name":"Stratio Big Data","policyUrl":"https://www.mutua.es/politica-cookies/"},"2403":{"id":2403,"name":"SCIBIDS TECHNOLOGY","policyUrl":"http://scibids.com/privacy"},"2405":{"id":2405,"name":"Cortex","policyUrl":"http://www.heraldweekly.com/privacy-policy/"},"2407":{"id":2407,"name":"ProgSol.cz","policyUrl":"http://www.impressionmedia.cz/files/Zasady-ochrany-a-zpracovani-osobnich-udaju-IM.pdf"},"2411":{"id":2411,"name":"LKQD","policyUrl":"https://www.nexstardigital.com/privacy/"},"2414":{"id":2414,"name":"MADGIC","policyUrl":"https://www.madgic.com/privacy-and-protection-policy/"},"367":{"id":367,"name":"OpenSlate","policyUrl":"https://www.openslate.com/general-data-protection-regulation-gdpr-compliance-statement/"},"2416":{"id":2416,"name":"UNICORN","policyUrl":"https://uncn.jp/cup?lan\u003den"},"2418":{"id":2418,"name":"Wonderbly","policyUrl":"https://wonderbly.com/pages/privacy-policy"},"371":{"id":371,"name":"Parship","policyUrl":"https://www.parship.de/privacypolicy/"},"2425":{"id":2425,"name":"Double Check","policyUrl":"https://adchex.com/privacy-policy/"},"1403":{"id":1403,"name":"LINK Institut","policyUrl":"http://www.link.ch/privacy"},"385":{"id":385,"name":"PlatformOne","policyUrl":"https://www.platform-one.co.jp/data/"},"389":{"id":389,"name":"PopRule","policyUrl":"http://purposelab.com/privacy/"},"1415":{"id":1415,"name":"Rackspace","policyUrl":"http://www.rackspace.com/gdpr"},"1416":{"id":1416,"name":"MediaWallah","policyUrl":"http://mediawallah.com/privacy-policy/"},"2440":{"id":2440,"name":"Fiverr","policyUrl":"https://www.fiverr.com/privacy-policy"},"394":{"id":394,"name":"Pulpo (An Entravision Company)","policyUrl":"https://www.pulpo.com/privacy-policy/"},"1419":{"id":1419,"name":"Signal","policyUrl":"https://www.signal.co/privacy-policy/"},"397":{"id":397,"name":"Viewbix","policyUrl":"http://corp.viewbix.com/cookie-policy/"},"2447":{"id":2447,"name":"Pure Cobalt","policyUrl":"https://www.purecobalt.com/policy/"},"407":{"id":407,"name":"Recruit JP","policyUrl":"https://www.r-ad.ne.jp/optout/"},"413":{"id":413,"name":"Phoenix Marketing International","policyUrl":"https://www.phoenixmi.com/privacy-policy/"},"2461":{"id":2461,"name":"Twinpine","policyUrl":"http://twinpinenetwork.com/privacy-policy/"},"2462":{"id":2462,"name":"Mopedo","policyUrl":"http://mopedo.com/privacy-terms/"},"415":{"id":415,"name":"Resonate","policyUrl":"https://www.resonate.com/privacy-policy/"},"1440":{"id":1440,"name":"YDigital Media","policyUrl":"http://ydigitalmedia.com/pt/privacy-policy"},"2465":{"id":2465,"name":"ViewersLogic LTD","policyUrl":"https://www.viewerslogic.com/docs/Privacy-latest.html"},"1442":{"id":1442,"name":"Zentrick","policyUrl":"http://www.zentrick.com/platform-privacy-policy"},"2468":{"id":2468,"name":"Maelico LTD","policyUrl":"http://hyperadx.com/privacy_policy"},"424":{"id":424,"name":"SUITE 66","policyUrl":"http://www.suite66.com/privacy-policy/"},"2472":{"id":2472,"name":"GroundhogTech","policyUrl":"https://www.ghtinc.com/privacy-policy/"},"1449":{"id":1449,"name":"MSI-ACI","policyUrl":"http://site.msi-aci.com/Home/FlexTrackPrivacy"},"2477":{"id":2477,"name":"Netscore","policyUrl":"http://netscore.pl/polityka-prywatnosci/"},"430":{"id":430,"name":"Scigineer","policyUrl":"https://www.scigineer.co.jp/privacy/"},"1455":{"id":1455,"name":"Kimia Group","policyUrl":"https://kimiagroup.com/en/privacy-policy.html"},"1456":{"id":1456,"name":"ZypMedia","policyUrl":"http://www.zypmedia.com/privacy-policy"},"2481":{"id":2481,"name":"Ve Interactive","policyUrl":"https://www.ve.com/privacy-policy"},"436":{"id":436,"name":"Mediahead","policyUrl":"http://mediahead.com"},"2484":{"id":2484,"name":"OpenLedger ApS","policyUrl":"https://hubdsp.com/assets_new/files/privacy_policy.pdf"},"2486":{"id":2486,"name":"Whichit UK Ltd","policyUrl":"https://www.getwhichit.com/dataprotection"},"2488":{"id":2488,"name":"Atedra","policyUrl":"https://www.atedra.com/privacy-policy/"},"1465":{"id":1465,"name":"Rockerbox","policyUrl":"https://www.rockerbox.com/privacy-shield"},"445":{"id":445,"name":"SMN Corporation","policyUrl":"http://www.so-netmedia.jp/cookie/index.html"},"2493":{"id":2493,"name":"adlocal.net","policyUrl":"http://adlocal.net/privacy.php"},"449":{"id":449,"name":"Sojern","policyUrl":"https://www.sojern.com/privacy/product-privacy-policy/"},"2497":{"id":2497,"name":"Freckle IoT","policyUrl":"https://freckleiot.com/privacy-policy/"},"2498":{"id":2498,"name":"REES46","policyUrl":"https://docs.rees46.com/display/en/Legal"},"2499":{"id":2499,"name":"ThoughtLeadr","policyUrl":"http://www.thoughtleadr.com/privacy-policy/"},"453":{"id":453,"name":"Spartoo","policyUrl":"https://www.spartoo.co.uk/data_protection.php"},"2501":{"id":2501,"name":"AdFalcon","policyUrl":"http://www.adfalcon.com/en/tech-policy.html"},"3531":{"id":3531,"name":"Mobidriven","policyUrl":"https://greengreyholding.com/static/policy.pdf"},"2510":{"id":2510,"name":"KAYAK","policyUrl":"https://www.kayak.com/privacy"},"2511":{"id":2511,"name":"Advmaker","policyUrl":"https://advmaker.net/policy/"},"2517":{"id":2517,"name":"NativeAds.com","policyUrl":"https://nativeads.com/privacy-policy.php"},"1495":{"id":1495,"name":"firststars","policyUrl":"https://firststars.de/datenschutzeinstellungen"},"2526":{"id":2526,"name":"BDSK Handels GmbH \u0026 Co. KG","policyUrl":"https://www.xxxlutz.de/c/privacy"},"2527":{"id":2527,"name":"RIESENIA.com","policyUrl":"https://www.adboost.sk/gdpr.html"},"482":{"id":482,"name":"Videology","policyUrl":"https://videologygroup.com/en/privacy-policy/"},"2532":{"id":2532,"name":"Airtory","policyUrl":"https://www.airtory.com/privacy-policy"},"486":{"id":486,"name":"Tradedoubler AB","policyUrl":"http://www.tradedoubler.com/en/privacy-policy/"},"2534":{"id":2534,"name":"SPACE ADSERVER","policyUrl":"https://adx.space/policy.html"},"2535":{"id":2535,"name":"Cheetah Mobile","policyUrl":"https://www.cmcm.com/en/policies/privacy-policy"},"1512":{"id":1512,"name":"Vserv","policyUrl":"https://www.vserv.com/privacy-policy/"},"491":{"id":491,"name":"TravelClick","policyUrl":"https://www.travelclick.com/privacy-policy.html"},"1516":{"id":1516,"name":"Chocolate Platform","policyUrl":"https://chocolateplatform.com/privacy-policy/"},"494":{"id":494,"name":"TrustArc","policyUrl":"https://www.trustarc.com/privacy-policy/"},"2542":{"id":2542,"name":"Spring Venture Group","policyUrl":"http://www.springventuregroup.com/privacy-policy/"},"495":{"id":495,"name":"TruEffect","policyUrl":"https://trueffect.com/privacy-policy/"},"501":{"id":501,"name":"Altum","policyUrl":"http://svgmedia.in/privacy-policy.pdf"},"1525":{"id":1525,"name":"Datalicious","policyUrl":"https://www.datalicious.com/privacy/"},"503":{"id":503,"name":"Underdog Media","policyUrl":"https://underdogmedia.com/privacy-policy/gdpr"},"2552":{"id":2552,"name":"Onseo","policyUrl":"http://onseo.biz/index.php/privacy-policy/"},"505":{"id":505,"name":"Undertone","policyUrl":"https://www.undertone.com/privacy/"},"2563":{"id":2563,"name":"Credebat","policyUrl":"https://www.credebat.com/privacy-policy"},"1540":{"id":1540,"name":"hbfsTech","policyUrl":"http://www.hbfstech.com/fr/privacy.html"},"2564":{"id":2564,"name":"Gruuv Interactive","policyUrl":"https://www.gruuvinteractive.com/privacy-policy/"},"2567":{"id":2567,"name":"Supership","policyUrl":"https://supership.jp/optout/"},"2568":{"id":2568,"name":"Marketing Science Consulting Group, Inc.","policyUrl":"http://mktsci.com/privacy_policy.htm"},"2569":{"id":2569,"name":"Reactive","policyUrl":"http://reactive-agency.ru/privacy.html"},"522":{"id":522,"name":"Vizury","policyUrl":"https://www1.vizury.com/legal/privacy-policy"},"523":{"id":523,"name":"Markit","policyUrl":"https://www.markitdigital.com/products/ads/privacy-policy/"},"2571":{"id":2571,"name":"DENTSU","policyUrl":"http://www.dentsu.co.jp/terms/data_policy.html"},"1548":{"id":1548,"name":"Exposebox","policyUrl":"https://exposebox.com/privacy-policy/"},"2572":{"id":2572,"name":"Snap Inc.","policyUrl":"https://www.snap.com/en-US/privacy/privacy-policy/"},"2575":{"id":2575,"name":"Essens","policyUrl":"https://essens.no/privacy-policy/"},"2577":{"id":2577,"name":"AppsFlyer","policyUrl":"https://www.appsflyer.com/privacy-policy/"},"1555":{"id":1555,"name":"YOOSE","policyUrl":"https://www.yoose.com/privacy-policy"},"1558":{"id":1558,"name":"TripAdvisor","policyUrl":"https://tripadvisor.mediaroom.com/us-privacy-policy"},"2583":{"id":2583,"name":"Nexus Soft","policyUrl":"https://www.nexus-soft.org/index/privacy"},"2584":{"id":2584,"name":"Giantmedia","policyUrl":"http://giantmedia.com/about-giant/privacy-policy/"},"540":{"id":540,"name":"Travel Data Collective","policyUrl":"https://www.yieldr.com/privacy/"},"1564":{"id":1564,"name":"DataExchanger","policyUrl":"https://www.dataexchanger.pl/privacy-policy"},"1570":{"id":1570,"name":"Navegg","policyUrl":"https://www.navegg.com/en/privacy-policy/"},"2596":{"id":2596,"name":"D4","policyUrl":"https://www.dentsu.com/nz/en/policies/privacy-notices"},"550":{"id":550,"name":"CyberAgent","policyUrl":"https://privacy-policy.cyberagent.ai/index-en.html"},"1577":{"id":1577,"name":"Admedo","policyUrl":"https://www.admedo.com/privacy-policy"},"2601":{"id":2601,"name":"eMarketingSolutions","policyUrl":"https://emarketingsolutions.es/privacy-policy"},"1579":{"id":1579,"name":"Taptica","policyUrl":"https://www.taptica.com/privacy/"},"2604":{"id":2604,"name":"Native Touch","policyUrl":"https://nativetouch.com/privacy-policy/"},"2605":{"id":2605,"name":"Branch","policyUrl":"https://branch.io/policies/"},"559":{"id":559,"name":"DaVinci11","policyUrl":"http://www.adsfactor.com/gdpr.html"},"1583":{"id":1583,"name":"Joystick Interactive","policyUrl":"http://joystickinteractive.com/privacy.html"},"560":{"id":560,"name":"顶新","policyUrl":"http://www.360.cn/privacy/v3/bpsxy.html"},"1584":{"id":1584,"name":"[24]7.ai (successor to EngageClick)","policyUrl":"https://www.247.ai/privacy-policy#gdpr_compliance"},"2608":{"id":2608,"name":"Bannerwise","policyUrl":"https://www.bannerwise.io/privacy-policy"},"2609":{"id":2609,"name":"Pathmatics","policyUrl":"https://www.pathmatics.com/privacy#advertising"},"2610":{"id":2610,"name":"N2","policyUrl":"https://n2.fi/privacy-policy/"},"2612":{"id":2612,"name":"Net Info","policyUrl":"https://www.netinfocompany.bg/privacy.php"},"2614":{"id":2614,"name":"Adnetic","policyUrl":"https://adnetic.ru/policies/privacy"},"1591":{"id":1591,"name":"Simplaex GmBH","policyUrl":"https://simplaex.com/advertising-privacy-policy/"},"568":{"id":568,"name":"Mashero","policyUrl":"http://www.mashero.com/en/privacy-protection"},"2621":{"id":2621,"name":"OpinionAds","policyUrl":"https://opinionads.com/privacy"},"574":{"id":574,"name":"advolution.control","policyUrl":"http://advolution.de/privacy.php"},"576":{"id":576,"name":"MicroAd","policyUrl":"https://www.microad.co.jp/privacy/"},"1603":{"id":1603,"name":"Maverick","policyUrl":"https://www.mvrck.co.jp/privacy/about-targeting-ad/"},"2628":{"id":2628,"name":"Qualtrics","policyUrl":"https://www.qualtrics.com/uk/platform/gdpr/"},"2629":{"id":2629,"name":"Advertserve","policyUrl":"https://privacy.advertserve.com/"},"584":{"id":584,"name":"Webgains","policyUrl":"http://www.webgains.com/public/en/privacy/"},"2633":{"id":2633,"name":"Kaufda","policyUrl":"https://www.kaufda.de/Datenschutz"},"2634":{"id":2634,"name":"Touch Ads","policyUrl":"https://touchads.com/company-index.html#privacy-policy"},"587":{"id":587,"name":"AT Internet","policyUrl":"https://www.atinternet.com/en/company/data-protection/"},"2636":{"id":2636,"name":"Softcrylic","policyUrl":"https://softcrylic.com/privacy-policy/"},"591":{"id":591,"name":"Miaozhen Systems","policyUrl":"http://www.miaozhen.com/index.php/EN/Index/articontent/articleid/202.html"},"1616":{"id":1616,"name":"LeadBolt","policyUrl":"https://www.leadbolt.com/privacy"},"2642":{"id":2642,"name":"Delta Air Lines","policyUrl":"https://www.delta.com/us/en/legal/privacy-and-security"},"2643":{"id":2643,"name":"Sape","policyUrl":"https://traffic.sape.ru/policy.html"},"2645":{"id":2645,"name":"AdPlay","policyUrl":"https://rtb.adplay-mobile.com/privacy-policy"},"2646":{"id":2646,"name":"AppGrowth Inc.","policyUrl":"https://s3.amazonaws.com/appgrowth-cloud/legal/Privacy-Policy-Appgrowth.pdf"},"2647":{"id":2647,"name":"Blueworks","policyUrl":"https://hleb.agency/policy/eng/index.html"},"2650":{"id":2650,"name":"Tapklik","policyUrl":"https://www.tapklik.com/gdpr"},"2651":{"id":2651,"name":"Vertoz","policyUrl":"https://www.vertoz.com/gdpr"},"2652":{"id":2652,"name":"Sketchfab, Inc.","policyUrl":"https://sketchfab.com/privacy"},"2656":{"id":2656,"name":"Taiwan Mobile Co Ltd","policyUrl":"https://www.ghtinc.com/privacy-policy/"},"2657":{"id":2657,"name":"Adstra","policyUrl":"https://www.alc.com/privacy-policy/"},"2658":{"id":2658,"name":"Alooma","policyUrl":"http://alooma.tv/privacypolicy.htm"},"2660":{"id":2660,"name":"北京泛为信息科技有限公司","policyUrl":"http://www.fancydigital.com.cn/html/privacy_GDRP.html"},"2661":{"id":2661,"name":"ListenLoop","policyUrl":"https://listenloop.com/user-consent-policy"},"1638":{"id":1638,"name":"Wish","policyUrl":"https://www.wish.com/en-privacy-policy"},"2669":{"id":2669,"name":"Display.direct","policyUrl":"https://display.direct/wp-content/uploads/2018/04/Privacy-Policy.pdf"},"2670":{"id":2670,"name":"Amino Payments, Inc.","policyUrl":"https://integralads.com/ias-data-protection-portal/"},"1651":{"id":1651,"name":"Mobitrans","policyUrl":"http://www.mobitrans.net/privacy-policy/"},"1653":{"id":1653,"name":"Mobusi","policyUrl":"https://www.mobusi.com/privacy.en.html"},"2677":{"id":2677,"name":"Vimeo","policyUrl":"https://vimeo.com/cookie_policy"},"2681":{"id":2681,"name":"AdRetarget","policyUrl":"https://adretarget.me/privacy-policy"},"2684":{"id":2684,"name":"LANDS\u0027 END","policyUrl":"https://www.landsend.com/customerservice/legal_policies/privacy/"},"2686":{"id":2686,"name":"Persona.ly","policyUrl":"http://persona.ly/privacy_policy"},"2687":{"id":2687,"name":"DPG Media BV","policyUrl":"https://www.persgroep.nl/privacy"},"1665":{"id":1665,"name":"Suzumuchi","policyUrl":"http://suzuserver.dk/GDPR/"},"2690":{"id":2690,"name":"Vertriebswerk","policyUrl":"https://eazy.de/agb"},"1667":{"id":1667,"name":"LOKA Research","policyUrl":"https://lokaplatform.com/privacy/"},"2695":{"id":2695,"name":"TVadSync","policyUrl":"https://www.tvadsync.com/privacy-policy/"},"2698":{"id":2698,"name":"X-Social","policyUrl":"http://www.xsocialgroup.com/PrivacyPolicy.html"},"1677":{"id":1677,"name":"IGAWorks","policyUrl":"http://www.igaworks.com/en/rule_user.html"},"1678":{"id":1678,"name":"Aidata","policyUrl":"https://my.aidata.me/data/uploads/aidata.me-privacy-policy.pdf"},"1682":{"id":1682,"name":"OneDigitalAd Technologies","policyUrl":"https://www.onedigitalad.com/privacy/privacyPolicy.html"},"2707":{"id":2707,"name":"Vungle","policyUrl":"https://vungle.com/gdpr-faq/"},"2713":{"id":2713,"name":"Fresh8 Gaming","policyUrl":"https://www.fresh8gaming.com/privacy"},"2714":{"id":2714,"name":"Tail","policyUrl":"https://www.tail.digital/#privacy"},"1697":{"id":1697,"name":"Unitymedia","policyUrl":"https://www.unitymedia.de/privatkunden/datenschutz/"},"1699":{"id":1699,"name":"Perfect Audience","policyUrl":"https://www.perfectaudience.com/privacy/"},"1703":{"id":1703,"name":"Clickagy","policyUrl":"https://www.clickagy.com/privacy/"},"2729":{"id":2729,"name":"TotalJobs Group Ltd","policyUrl":"https://www.totaljobs.com/privacy-policy"},"1712":{"id":1712,"name":"Dynamic Yield","policyUrl":"https://www.dynamicyield.com/gdpr/"},"2739":{"id":2739,"name":"IOTEC","policyUrl":"https://www.iotecglobal.com/privacy-policy/"},"1716":{"id":1716,"name":"ADEX","policyUrl":"http://theadex.com"},"1721":{"id":1721,"name":"Rontar","policyUrl":"https://www.rontar.com/privacy"},"1725":{"id":1725,"name":"Placed","policyUrl":"https://foursquare.com/legal/privacy"},"1732":{"id":1732,"name":"Answer Media","policyUrl":"http://www.answermedia.com/privacy"},"2767":{"id":2767,"name":"Hotels.com L. P.","policyUrl":"https://uk.hotels.com/customer_care/privacy.html"},"2768":{"id":2768,"name":"Overstock","policyUrl":"https://help.overstock.com/help/s/article/PRIVACY-AND-SECURITY-POLICY"},"1745":{"id":1745,"name":"Gruvi","policyUrl":"http://www.gruvi.tv/gdpr"},"2770":{"id":2770,"name":"Thomann GmbH","policyUrl":"https://www.thomann.de/de/compinfo_privacy.html"},"2772":{"id":2772,"name":"Combell","policyUrl":"https://www.combell.com/nl/over-combell/privacy-policy"},"1750":{"id":1750,"name":"APNIC","policyUrl":"https://labs.apnic.net/privacy.shtml"},"2784":{"id":2784,"name":"Yabbi","policyUrl":"http://dsp.yabbi.me/#popup-privacy"},"737":{"id":737,"name":"RevenueMantra","policyUrl":"http://www.revenuemantra.com/privacy.html"},"2787":{"id":2787,"name":"Datafy","policyUrl":"http://www.datafy-software.com/cookie-policy/"},"1765":{"id":1765,"name":"Aarki","policyUrl":"http://corp.aarki.com/privacy"},"2791":{"id":2791,"name":"Swaven","policyUrl":"http://www.swaven.com/cookie-policy/"},"2792":{"id":2792,"name":"Hashtag\u0027d","policyUrl":"https://hashtagd.net/about/privacy"},"745":{"id":745,"name":"ETARGET","policyUrl":"https://sk.search.etargetnet.com/policy.html"},"1769":{"id":1769,"name":"Takoomi","policyUrl":"https://www.takoomi.com/privacy-policy"},"2798":{"id":2798,"name":"True Wave Technologies Limited","policyUrl":"http://truewave.io/gdpr.html"},"2801":{"id":2801,"name":"Alion","policyUrl":"https://www.alion.nl/privacy/"},"2805":{"id":2805,"name":"Dumarca Gaming Ltd","policyUrl":"https://www.verajohn.com/about/privacy-policy"},"1782":{"id":1782,"name":"F@N communications","policyUrl":"https://www.fancs.com/privacypolicy"},"3831":{"id":3831,"name":"IVS","policyUrl":"https://ivs.tv/privacy-policy"},"1786":{"id":1786,"name":"DynAd","policyUrl":"https://www.dynad.net/en/privacy-and-terms.html"},"2812":{"id":2812,"name":"EFICIENS","policyUrl":"https://www.eficiens.com/privacy/"},"2813":{"id":2813,"name":"Barometric","policyUrl":"https://barometric.com/privacy"},"2816":{"id":2816,"name":"Digitalsunray","policyUrl":"https://www.digitalsunray.com/de/datenschutz"},"2817":{"id":2817,"name":"Affiliate Future","policyUrl":"http://affiliatefuture.co.uk/Legal/privacy"},"2818":{"id":2818,"name":"lead alliance GmbH","policyUrl":"https://www.lead-alliance.net/dataprotection"},"2821":{"id":2821,"name":"HasOffer - Tune, Inc","policyUrl":"https://www.hasoffers.com/privacy-policy/"},"2822":{"id":2822,"name":"Adjust GmbH","policyUrl":"https://www.adjust.com/terms/gdpr/"},"1800":{"id":1800,"name":"VIVALU","policyUrl":"http://www.vivalu.com/downloads/de_DE/VIVALU_Datenschutz_2018.pdf"},"2827":{"id":2827,"name":"Journey by CAKE","policyUrl":"http://getcake.com/privacy-policy/#rights"},"2830":{"id":2830,"name":"LivePartners","policyUrl":"https://www.livepartners.com/confidentiality.html"},"2831":{"id":2831,"name":"APEX Mobile Media","policyUrl":"https://www.apexmobilemedia.com/privacy-policy"},"1810":{"id":1810,"name":"Foursquare","policyUrl":"https://foursquare.com/legal/privacy"},"2834":{"id":2834,"name":"FXCM.com","policyUrl":"https://www.fxcm.com/uk/legal/data-protection-rights/"},"787":{"id":787,"name":"Reamp","policyUrl":"https://rmemx.reamp.com.br/2015/privacy-policy/privacy.html"},"2838":{"id":2838,"name":"Rambla","policyUrl":"https://www.rambla.be/privacy-policy/"},"2839":{"id":2839,"name":"Digital Ad Systems, Corp.","policyUrl":"https://eu.dashboard.digitaladsystems.com/privacy.html"},"2840":{"id":2840,"name":"Tramplin Media","policyUrl":"https://trmpln.ru/docs/privacy-policy-ADS.pdf"},"2844":{"id":2844,"name":"R.O.EYE Limited","policyUrl":"https://www.roeye.com/privacy"},"2846":{"id":2846,"name":"Milanoo","policyUrl":"https://www.milanoo.com/help/index-id-1459-childcat-2043.html"},"2847":{"id":2847,"name":"Dynamic 1001 GmbH","policyUrl":"https://www.dynamic1001.com/Datenschutz.aspx"},"1825":{"id":1825,"name":"Mozoo","policyUrl":"https://www.mozoo.com/privacy-policy"},"2849":{"id":2849,"name":"DAPP GLOBAL LIMITED","policyUrl":"http://ad.duapps.com/gdpr/"},"802":{"id":802,"name":"LnData","policyUrl":"https://www.admaster.com.cn/en/about_us/privacy"},"2850":{"id":2850,"name":"Hargreaves Lansdown","policyUrl":"https://www.hl.co.uk/privacy-policy"},"803":{"id":803,"name":"Trend Research","policyUrl":"https://trendfrage.de/?ID\u003d135"},"1827":{"id":1827,"name":"Momentum","policyUrl":"https://www.m0mentum.co.jp/ja/privacy-policy.html"},"2852":{"id":2852,"name":"Bauhof Group AS","policyUrl":"https://www.bauhof.ee/kliendiandmete-kasutamise-pohimotted"},"2854":{"id":2854,"name":"Retail Rocket LLC","policyUrl":"https://my.retailrocket.ru/dsp/privacy"},"1832":{"id":1832,"name":"Housing.com","policyUrl":"https://housing.com/terms.html"},"2856":{"id":2856,"name":"congstar","policyUrl":"https://www.congstar.de/fileadmin/files_congstar/documents/2019/Datenschutz/Datenschutzhinweise_congstar_Webseite.pdf"},"2860":{"id":2860,"name":"JYSK LINNEN\u0027N FURNITURE OÜ","policyUrl":"https://www.jysk.ee/cookies"},"1838":{"id":1838,"name":"ChannelAdvisor","policyUrl":"https://www.channeladvisor.com/privacy-policy/"},"2862":{"id":2862,"name":"Bluesummit","policyUrl":"https://www.bluesummit.de/datenschutz/"},"2863":{"id":2863,"name":"xCheck","policyUrl":"http://www.xcheck.co/privacy"},"1840":{"id":1840,"name":"GoBID","policyUrl":"https://gobid.auction/privacy-policy/"},"817":{"id":817,"name":"Ensighten","policyUrl":"https://www.ensighten.com/privacy-policy/"},"2865":{"id":2865,"name":"Butlers GmbH \u0026 Co. KG","policyUrl":"https://www.butlers.com/COMPANY_PRIVACY.html"},"1842":{"id":1842,"name":"TF1 - FR","policyUrl":"https://www.tf1.fr/politique-de-confidentialite/"},"1843":{"id":1843,"name":"Bonzai","policyUrl":"https://www.bonzai.co/privacy-policy/"},"2867":{"id":2867,"name":"Bose","policyUrl":"https://www.bose.co.uk/en_gb/legal/cookie_policy.html"},"820":{"id":820,"name":"econda GmbH","policyUrl":"https://www.econda.de/service/datenschutz/"},"821":{"id":821,"name":"Yusp","policyUrl":"http://www.yusp.com/yusp-privacy-policy/"},"1845":{"id":1845,"name":"Adventive","policyUrl":"https://www.adventive.com/legal/privacy-policy"},"2869":{"id":2869,"name":"Throtle","policyUrl":"https://throtle.io/privacy/"},"2873":{"id":2873,"name":"Red Cubes Ltd","policyUrl":"https://www.redcubes.biz/privacy-policy"},"2874":{"id":2874,"name":"Tchibo GmbH","policyUrl":"https://www.tchibo.de/cookies-tracking-re-targeting-s400092901.html"},"2875":{"id":2875,"name":"Astromotion","policyUrl":"http://astromotiongames.com/gdpr"},"2876":{"id":2876,"name":"HOPLA Ads","policyUrl":"https://hopla.online/privacy-policy/"},"2878":{"id":2878,"name":"ironSource Mobile","policyUrl":"https://developers.ironsrc.com/ironsource-mobile/air/ironsource-mobile-privacy-policy"},"2880":{"id":2880,"name":"NETBET","policyUrl":"https://affiliates.netbet.gr/en/terms-conditions.html"},"2881":{"id":2881,"name":"ETERNA","policyUrl":"https://www.eterna.de/datenschutz"},"2882":{"id":2882,"name":"Loopa","policyUrl":"http://www.signifimedia.com.au/home/privacy"},"1859":{"id":1859,"name":"Optimise","policyUrl":"https://www.optimisemedia.com/privacy-policy"},"2883":{"id":2883,"name":"世纪富轩科技发展（北京）有限公司","policyUrl":"http://help.dhgate.com/help/buyer_about_usen.php?catpid\u003dg9"},"2884":{"id":2884,"name":"Amp.ai by Scaled Inference","policyUrl":"https://scaledinference.com/privacy-policy"},"2886":{"id":2886,"name":"Calzedonia","policyUrl":"https://world.calzedonia.com/custserv/custserv.jsp?pageName\u003dfaq-legal-information#tab1"},"839":{"id":839,"name":"LivelyImpact","policyUrl":"http://www.livelyimpact.com/privacy-policy.html"},"2887":{"id":2887,"name":"Uber Technologies Inc.","policyUrl":"https://privacy.uber.com/policy"},"2888":{"id":2888,"name":"modellbau universe GbR","policyUrl":"https://www.modellbau-universe.de/datenschutz.htm"},"2889":{"id":2889,"name":"Medialabs","policyUrl":"https://medialabs.es/privacy-policy"},"1866":{"id":1866,"name":"Demand Side Science, Inc.","policyUrl":"http://demand-side-science.jp/privacy"},"2891":{"id":2891,"name":"Nordisk Film A/S","policyUrl":"http://adnordic.eu/privacypolicy.html"},"2893":{"id":2893,"name":"Advrtas","policyUrl":"https://advrtas.com/privacy-policy/"},"1870":{"id":1870,"name":"SFR","policyUrl":"http://www.sfr.fr/securite-confidentialite.html"},"2894":{"id":2894,"name":"Viewst","policyUrl":"https://old.viewst.com/privacy_policy"},"2895":{"id":2895,"name":"Clickwise","policyUrl":"https://clickwise.net/section/terms"},"2897":{"id":2897,"name":"coupling media","policyUrl":"https://www.coupling-media.de/datenschutz.html"},"2898":{"id":2898,"name":"Chartboost","policyUrl":"https://answers.chartboost.com/en-us/articles/200780269"},"2900":{"id":2900,"name":"Admost","policyUrl":"http://adserver.admost.com/privacypolicy.html"},"2901":{"id":2901,"name":"Squeezely","policyUrl":"https://squeezely.tech/privacy"},"1878":{"id":1878,"name":"Cablato","policyUrl":"https://cablato.com/privacy-policy/"},"1880":{"id":1880,"name":"Erate","policyUrl":"http://www.eratead.com/privacy_policy.pdf"},"3931":{"id":3931,"name":"Gameloft SE","policyUrl":"https://www.gameloft.com/en/privacy-notice"},"2908":{"id":2908,"name":"MediaPal","policyUrl":"http://mediapal.net/gdpr-compliance"},"2909":{"id":2909,"name":"Marketing Town","policyUrl":"https://m-t.io/privacy"},"2911":{"id":2911,"name":"BSmartData","policyUrl":"https://ad.bsmartdata.com/privacy.php?lang\u003den"},"864":{"id":864,"name":"Batch Media","policyUrl":"https://theadex.com/privacy-opt-out/"},"2912":{"id":2912,"name":"Dianomi","policyUrl":"https://www.dianomi.com/legal/privacy.epl"},"1889":{"id":1889,"name":"Waystack","policyUrl":"https://www.wayfair.com/customerservice/general_info.php#privacy"},"2913":{"id":2913,"name":"Adapt Retail - Advertising Platform","policyUrl":"https://www.adaptretail.com/privacy/application/"},"2914":{"id":2914,"name":"Fastbooking SAS","policyUrl":"https://www.fastbooking.com/privacy-policy/"},"867":{"id":867,"name":"AdElement","policyUrl":"http://adelement.com/privacy-policy.html"},"2916":{"id":2916,"name":"Next Level – Affiliate Marketing","policyUrl":"https://nextlevel.sl/datenschutz/"},"2917":{"id":2917,"name":"Movable Ink","policyUrl":"https://movableink.com/legal/privacy"},"2918":{"id":2918,"name":"Flexitive","policyUrl":"https://app.flexitive.com/signup/privacy"},"2919":{"id":2919,"name":"Divvit AB","policyUrl":"https://www.divvit.com/privacy"},"2920":{"id":2920,"name":"Tuky Data","policyUrl":"https://tuky.net/privacy.html"},"874":{"id":874,"name":"Belboon","policyUrl":"https://www.belboon.com/en/about-us/privacy/"},"2922":{"id":2922,"name":"Glassdoor, Inc.","policyUrl":"https://www.glassdoor.com/gdpr/index.htm"},"1899":{"id":1899,"name":"Epic Combo","policyUrl":"http://adagnit.io/privacy-policy/"},"2923":{"id":2923,"name":"AdUnity LTD","policyUrl":"https://www.adunity.com/privacy-policy.html"},"2924":{"id":2924,"name":"YouSee","policyUrl":"https://kundeservice.yousee.dk/abonnement/privatlivspolitik/privatliv"},"2927":{"id":2927,"name":"OSCARO COM","policyUrl":"https://www.oscaro.com/fr/info/securite-confidentialite"},"2929":{"id":2929,"name":"AdLib Digital Limited","policyUrl":"https://www.ad-lib.io/privacy-policy"},"2930":{"id":2930,"name":"Systemina","policyUrl":"https://www.systemina.dk/persondatapolitik"},"2931":{"id":2931,"name":"BanterX Inc","policyUrl":"https://www.banterx.com/privacy-policy.html"},"2939":{"id":2939,"name":"Edge NPD","policyUrl":"http://edgenpd.com/privacy-policy/"},"2940":{"id":2940,"name":"Reas Travel Group","policyUrl":"https://www.tjingo.nl/privacy-beleid"},"1917":{"id":1917,"name":"Vpon","policyUrl":"https://www.vpon.com/en/privacy"},"2941":{"id":2941,"name":"Conrad","policyUrl":"https://www.conrad.de/de/ueber-conrad/rechtliches/datenschutz"},"899":{"id":899,"name":"QuarticON","policyUrl":"https://quarticon.com/en/privacy-policy/"},"2947":{"id":2947,"name":"geolad GmbH","policyUrl":"https://geolad.com/privacy/"},"2949":{"id":2949,"name":"Shutterstock, Inc.","policyUrl":"https://www.shutterstock.com/privacy"},"2950":{"id":2950,"name":"TheINDUSTRY AG","policyUrl":"https://www.adspot.ch/j/cookies/policy"},"904":{"id":904,"name":"TraceAd","policyUrl":"http://influenceaudience.com/about/gdpr-privacy-policy-business-partners.html"},"1929":{"id":1929,"name":"Alkemics","policyUrl":"https://www.alkemics.com/privacy/"},"2956":{"id":2956,"name":"Maytrics","policyUrl":"https://www.maytrics.com/privacy.php"},"2958":{"id":2958,"name":"QWARRY","policyUrl":"https://qwarry.com/privacy-policy/"},"2961":{"id":2961,"name":"Plan.Net Performance","policyUrl":"https://www.plan-net.com/en/privacy-policy.html"},"2963":{"id":2963,"name":"CONTXTFUL","policyUrl":"https://www.contxtful.com/Privacy/"},"2964":{"id":2964,"name":"Digital Hub Hannover GmbH","policyUrl":"https://www.digitalhub-h.de/datenschutz/"},"2965":{"id":2965,"name":"Human Made Machine Limited","policyUrl":"https://surveymachine.io/#privacy"},"1942":{"id":1942,"name":"NinthDecimal","policyUrl":"https://www.ninthdecimal.com/privacy/"},"2966":{"id":2966,"name":"RETENCY","policyUrl":"http://www.retency.com/stats/fr/"},"1944":{"id":1944,"name":"TenMax","policyUrl":"https://www.tenmax.io/gdpr-privacy-policy"},"2968":{"id":2968,"name":"MHU","policyUrl":"http://adprov.io/privacy-policy/"},"922":{"id":922,"name":"Novem","policyUrl":"http://www.novem.pl/doc/Novem_polityka_prywatnosci.pdf"},"2970":{"id":2970,"name":"AdButler","policyUrl":"https://adbutler.com/gdpr.spark"},"2973":{"id":2973,"name":"Carrefour","policyUrl":"https://www.carrefour.es/politica-de-privacidad/mas-info/"},"2974":{"id":2974,"name":"BEYOND X","policyUrl":"https://www.cci.co.jp/privacypolicy/"},"2975":{"id":2975,"name":"mobilcom-debitel","policyUrl":"https://www.mobilcom-debitel.de/legal/datenschutz/"},"931":{"id":931,"name":"adTarget.me","policyUrl":"https://adtarget.me/privacy.html"},"2979":{"id":2979,"name":"Logiq Digital Marketing","policyUrl":"https://rebelai.com/gdpr"},"2980":{"id":2980,"name":"NUROFY AS","policyUrl":"https://nurofy.com/privacy-policy/"},"2981":{"id":2981,"name":"FLYWHEEL","policyUrl":"https://www.flywheel.jp/privacy-policy/"},"2983":{"id":2983,"name":"Data2Decisions","policyUrl":"http://data2decisions.com/privacy-and-cookie-policy/"},"2985":{"id":2985,"name":"FranceTV Publicité","policyUrl":"https://www.francetelevisions.fr/groupe/confidentialite/politique-de-confidentialite/quels-sont-mes-droits-et-comment-les-exercer-35"},"938":{"id":938,"name":"Adzerk","policyUrl":"https://dev.adzerk.com/docs/privacy-policy-customers"},"1962":{"id":1962,"name":"LotLinx®","policyUrl":"https://www.lotlinx.com/privacy-statement/"},"2986":{"id":2986,"name":"Kelkoo","policyUrl":"https://www.kelkoo.fr/info-societe/politique-confidentialite"},"1963":{"id":1963,"name":"F Sharp","policyUrl":"https://fsharp.co/privacy-policy"},"2987":{"id":2987,"name":"Prodege, LLC.","policyUrl":"https://www.prodege.com/privacy-policy-intl/"},"1964":{"id":1964,"name":"A1 PerformanceFactory","policyUrl":"https://www.perfact.co.kr/privacy"},"1967":{"id":1967,"name":"Qantas","policyUrl":"http://www.qantas.com/au/en/support/privacy-and-security.html#our-contact-details"},"2991":{"id":2991,"name":"Zirca","policyUrl":"https://zirca.in/zdmp-privacy-security-policy"},"1968":{"id":1968,"name":"KEEN","policyUrl":"https://www.ingenio.com/privacypolicy"},"1969":{"id":1969,"name":"JamLoop","policyUrl":"https://jamloop.com/opt-out/"},"2994":{"id":2994,"name":"Isobar Czech Republic","policyUrl":"https://www.isobar.com/cz/en/privacy/"},"2995":{"id":2995,"name":"SpiderAF","policyUrl":"https://spideraf.com/privacy"},"2997":{"id":2997,"name":"ADLOOP","policyUrl":"https://adloop.co/en/privacy-policy/"},"2999":{"id":2999,"name":"Woobi","policyUrl":"https://woobi.com/privacy/"},"3000":{"id":3000,"name":"We Adapt","policyUrl":"https://weadapt.digital/privacy-policy/"},"1978":{"id":1978,"name":"Gridsum","policyUrl":"https://ad2.gridsumdissector.com/about-googleadwords-privacy?lang\u003den"},"3002":{"id":3002,"name":"TrafficGuard","policyUrl":"https://www.trafficguard.ai/gdpr/"},"3003":{"id":3003,"name":"Sixide","policyUrl":"https://sixide.com/sites/default/files/doc/SIXIDE-PP.pdf"},"3005":{"id":3005,"name":"Dativa","policyUrl":"https://www.dativa.com/privacy/"},"3008":{"id":3008,"name":"Partnerize","policyUrl":"https://partnerize.com/en/privacy-policy"},"3009":{"id":3009,"name":"Click2Buy","policyUrl":"https://www.click2buy.com/privacy-policy/"},"3010":{"id":3010,"name":"VF Visual Fantastix Tanner","policyUrl":"https://sitebarad.com/de/datenschutz.html"},"3012":{"id":3012,"name":"Stream","policyUrl":"https://stream.ru/private"},"3016":{"id":3016,"name":"Channel Four Television Corporation","policyUrl":"https://www.channel4.com/4viewers/policies-overview"},"3017":{"id":3017,"name":"Boston Consulting Group","policyUrl":"https://www.bcg.com/en-us/about/privacy-policy.aspx"},"3018":{"id":3018,"name":"Go Mobile","policyUrl":"https://gotechnology.io/privace-policy-adx.html"},"3019":{"id":3019,"name":"Next","policyUrl":"https://www.next.co.uk/privacy"},"3024":{"id":3024,"name":"Method Media Intelligence","policyUrl":"https://www.methodmi.com/gdpr"},"3025":{"id":3025,"name":"Ubex DSP","policyUrl":"https://static.ubex.io/legal/policy.pdf"},"979":{"id":979,"name":"Silver Egg Technology","policyUrl":"http://www.silveregg.co.jp/GDPR"},"2003":{"id":2003,"name":"Azameo","policyUrl":"http://www.azameo.fr/en/privacy-policy-notice/"},"3028":{"id":3028,"name":"iAGE Engineering","policyUrl":"http://iageengineering.net/policy"},"981":{"id":981,"name":"Vodafone GmbH","policyUrl":"https://www.vodafone.de/unternehmen/datenschutz-privatsphaere.html"},"2007":{"id":2007,"name":"Fospha","policyUrl":"https://fospha.com/privacy-policy/"},"2008":{"id":2008,"name":"Ad2iction","policyUrl":"https://www.ad2iction.com/privacy/"},"985":{"id":985,"name":"Tinkoff.ru","policyUrl":"https://static.tinkoff.ru/documents/docs/processing-personal-data.pdf"},"3034":{"id":3034,"name":"Clario","policyUrl":"https://www.clar.io/privacy"},"3037":{"id":3037,"name":"Blockchain4media","policyUrl":"https://blockchain4media.com/files/b4m-privacy-policy.docx.pdf"},"3038":{"id":3038,"name":"POWSTER","policyUrl":"https://nearestshowtimes.s-prod.pow.io/privacy"},"3043":{"id":3043,"name":"Adcombi","policyUrl":"https://www.adcombi.com/privacy/"},"3045":{"id":3045,"name":"Alpha Architect","policyUrl":"https://velet.jp/optout/index.html"},"3048":{"id":3048,"name":"YouAppi","policyUrl":"http://youappi.com/privacy-policy"},"1003":{"id":1003,"name":"KPI Solutions","policyUrl":"https://www.adv.admeme.net/en/privacy/optout.html"},"2027":{"id":2027,"name":"Localstars","policyUrl":"https://www.localstars.com/localstars-privacy-policy"},"3052":{"id":3052,"name":"Koninklijke Philips N.V.","policyUrl":"https://www.philips.com/a-w/privacy-notice.html#triggername\u003dinfo_how_we_protect_data"},"3053":{"id":3053,"name":"AdPlayer.Pro","policyUrl":"https://adplayer.pro/privacy"},"3055":{"id":3055,"name":"Quiet Media","policyUrl":"http://qt.media/opt-out"},"3058":{"id":3058,"name":"The Very Group","policyUrl":"https://www.very.co.uk/privacy-terms.page"},"2035":{"id":2035,"name":"Roy Morgan Research","policyUrl":"http://www.roymorgan.com/digital-privacy"},"3059":{"id":3059,"name":"Factual Inc.","policyUrl":"https://www.factual.com/privacy"},"2039":{"id":2039,"name":"Kadam","policyUrl":"https://www.kadam.net/ru/privacy-policy"},"3063":{"id":3063,"name":"Oktawave","policyUrl":"https://www.oktawave.com/pl/firma/informacje-prawne/polityka-prywatnosci"},"3065":{"id":3065,"name":"Retube Interactive Video","policyUrl":"https://www.web.retube.tv/privacy-policy"},"3066":{"id":3066,"name":"Coinzilla","policyUrl":"https://coinzilla.com/privacy-policy/"},"2044":{"id":2044,"name":"Adbalancer","policyUrl":"https://www.adbalancer.com/datenschutz/"},"3068":{"id":3068,"name":"Vital Media","policyUrl":"https://zefirgood1.ru/opt-out"},"3070":{"id":3070,"name":"STEP A/S","policyUrl":"https://www.step.dk/cookie-privatlivspolitik"},"2047":{"id":2047,"name":"Enbritely","policyUrl":"http://enbrite.ly/privacy-policy-2/"}},"vendorListVersion":1}