{"CookieSPAEnabled":false,"CookieSameSiteNoneEnabled":false,"CookieV2CSPEnabled":false,"MultiVariantTestingEnabled":false,"UseV2":true,"MobileSDK":false,"SkipGeolocation":false,"ScriptType":"PRODUCTION","Version":"202303.2.0","OptanonDataJSON":"13729615-a271-4a5f-8eae-0c058b458464","GeolocationUrl":"https://geolocation.onetrust.com/cookieconsentpub/v1/geo/location","BulkDomainCheckUrl":"https://cookies-data.onetrust.io/bannersdk/v1/domaingroupcheck","RuleSet":[{"Id":"ba89c23f-91a3-49d4-98db-7e5d6b57b758","Name":"Countries with banner requirements","Countries":["de","hk","pt","dk","lt","lu","lv","hr","hu","qa","ma","mc","ie","us","mk","ee","il","ad","uy","ae","mt","za","mu","is","mx","al","es","at","au","ng","ro","nl","no","fi","be","ru","bg","nz","fr","br","se","sg","sk","sm","gb","ca","gi","kr","cn","gr","co","th","cy","ph","pl","tr"],"States":{"us":["ut","va","ca"]},"LanguageSwitcherPlaceholder":{"default":"en"},"BannerPushesDown":false,"Default":true,"Global":false,"Type":"GENERIC","UseGoogleVendors":false,"VariantEnabled":false,"TestEndTime":null,"Variants":[],"TemplateName":"CMC EU & UK Generic Template","Conditions":[],"GCEnable":false,"IsGPPEnabled":false},{"Id":"d157e7ed-0ad5-4f1c-8c1b-2c08f33a0adb","Name":"Global","Countries":["pr","ps","hm","hn","pw","py","ht","ye","id","im","af","in","ag","io","ai","iq","ir","am","ao","aq","ar","as","zm","aw","az","je","zw","ba","bb","rs","bd","jm","bf","jo","rw","jp","bh","bi","bj","bl","bm","bn","bo","sa","bq","sb","sc","bs","sd","bt","bv","sh","bw","by","sj","bz","sl","ke","sn","so","kg","kh","ki","sr","ss","cc","cd","st","km","cf","kn","sv","cg","kp","sx","ch","sy","ci","sz","ck","cl","cm","kw","ky","tc","kz","cr","td","tf","cu","cv","tg","cw","cx","la","tj","lb","lc","tk","tl","tm","tn","to","lk","tt","tv","tw","tz","dj","lr","ls","dm","do","ua","ly","ug","dz","md","um","me","mg","mh","ec","ml","mm","mn","eg","mo","eh","mp","mr","uz","ms","mv","mw","va","my","vc","mz","er","et","ve","vg","na","vi","nc","ne","nf","vn","ni","vu","np","nr","fj","fk","nu","fm","fo","wf","ga","ws","gd","om","ge","gg","gh","gl","gm","gn","gq","gs","gt","gu","gw","pa","gy","xk","pe","pf","pg","pk","pm","pn"],"States":{},"LanguageSwitcherPlaceholder":{"default":"en"},"BannerPushesDown":false,"Default":false,"Global":true,"Type":"GENERIC","UseGoogleVendors":false,"VariantEnabled":false,"TestEndTime":null,"Variants":[],"TemplateName":"CMC EU & UK Generic Template","Conditions":[],"GCEnable":false,"IsGPPEnabled":false}],"IabData":{"cookieVersion":"1","createdTime":"2023-05-19T08:58:22.582206140","updatedTime":"2023-05-19T08:58:22.582212440","cmpId":"28","cmpVersion":"1","consentScreen":"1","consentLanguage":null,"vendorListVersion":0,"maxVendorId":0,"encodingType":"0","globalVendorListUrl":"https://cdn.cookielaw.org/vendorlist/iabData.json"},"IabV2Data":{"cookieVersion":"1","createdTime":"2023-05-19T08:58:22.916393055","updatedTime":"2023-05-19T08:58:22.916399255","cmpId":"28","cmpVersion":"1","consentScreen":"1","consentLanguage":null,"vendorListVersion":0,"maxVendorId":0,"encodingType":"0","globalVendorListUrl":"https://cdn.cookielaw.org/vendorlist/iab2Data.json"},"GoogleData":{"vendorListVersion":1,"googleVendorListUrl":"https://cdn.cookielaw.org/vendorlist/googleData.json"},"ScriptDynamicLoadEnabled":false,"TenantFeatures":{"CookieV2BannerFocus":true,"CookieV2TargetedTemplates":true,"CookieV2GPC":true,"CookieV2AssignTemplateRule":true,"CookieV2GeolocationJsonApi":true,"CookieV2TCF21":true,"CookieV2RemoveSettingsIcon":true,"CookieV2BannerLogo":true,"CookieV2GeneralVendors":true},"IsSuppressBanner":false,"IsSuppressPC":false,"PublisherCC":"UK","Domain":"coinmarketcap.com","TenantGuid":"99f99939-5a0d-4feb-aef3-ba45f16b6907","EnvId":"app-binance","RemoteActionsEnabled":false,"GeoRuleGroupName":"CMC","GATrackToggle":false,"GATrackAssignedCategory":"","WebFormIntegrationEnabled":false,"WebFormSrcUrl":"","WebFormWorkerUrl":"","GppData":{"cmpId":"28"}}