{"settingsId":"k1JwB2Dk_","version":"222.78.344","isLatest":true,"buttonDisplayLocation":"bl","moreInfoButtonUrl":"","actionClickOnViewConsentInSearchApp":"","layout":1,"privacyModal":1,"urlConsentInfo":"","stylesCss":"","buttonPrivacyOpenIcon":"","buttonPrivacyCloseIcon":"","buttonPrivacyOpenIconUrl":"https://img.usercentrics.eu/misc/icon-fingerprint.svg","bannerMobileDescription":"","consentSharingIFrameUrl":"","bannerMobileDescriptionIsActive":false,"controllerIdCookie":"","chipDisplayLocation":"rm","privacyButtonIsVisible":false,"chipIsVisible":false,"disableScriptIfBot":false,"consentSharingIFrameIsCustomUrl":false,"consentSharingIFrameIsActive":true,"iabConsentIsActive":false,"resetConsentsOnShowingInitialView":false,"btnMoreInfoIsVisible":true,"isVisibleInIframe":true,"btnDenyIsVisible":true,"showLanguageDropdown":true,"enablePoweredBy":false,"storeUserCounter":false,"useConsentCookie":true,"tagLoggerIsActive":true,"storeConsents":true,"optInCountdownVisible":false,"optInCountdown":0,"optInIfUserContinuesNavigation":false,"displayInitialViewToUser":false,"deactivateShowOnLegalUpdate":false,"showInitialViewForVersionChange":["major"],"editableLanguages":["en","nl","fr","de","it","es","ja"],"languagesAvailable":["en","nl","fr","de","it","es","ja"],"whiteListedDomains":["jimdo.com","account.e.jimdo.com","go.jimdo.com","dash.e.jimdo.com","cms.jimdo.com","logo.e.jimdo.com","cms.e.jimdo.com","a.jimdo.com","business.e.jimdo.com","finserv.e.jimdo.com"],"whiteListTargetDomains":[],"whiteListReferrerDomains":[],"allowedDomains":[],"allowedDomainsShowingMode":"all","showErrorOnUnallowedDomain":false,"trackingProviderUsedToGetTrackingEvents":[],"dataScopes":["dataLayer"],"language":"en","countdownForShowingPrimaryViewAgain":0,"bannerPlacement":1,"cornerModalPlacement":1,"languageSelectorType":2,"consentInfoActionSelection":1,"btnMoreInfoActionSelection":1,"useOverlay":false,"allowImplicitConsents":false,"acceptAllOnTimer":false,"displayOnlyForEU":false,"namesAdditionalCustomDataLayerVariables":"dataLayer","initialCreatedAt":"2021-12-10T13:29:13.095Z","dataController":"Jimdo GmbH","imprintUrl":"https://www.jimdo.com/info/legal-notice/","privacyPolicyUrl":"https://www.jimdo.com/info/privacy/","cookiePolicyUrl":"","partnerPoweredByUrl":"","partnerPoweredByLogoUrl":"","bannerMessage":"We use cookies and other technologies to improve the user experience, functionality of our websites and for personalized advertising and analytical purposes. By selecting “Accept All” you consent that your data can be used for these purposes. When you select “Deny” we will only use cookies and other technologies that are strictly technically necessary to offer our services to you. You can change your selection at any time under “Cookie settings”.","tcf2Enabled":false,"firstUserInteraction":1,"poweredByEnum":"USERCENTRICS","selectedSettingsAppVersion":"V2","privacyButtonUrls":{"startsWith":[],"startsNotWith":[],"contains":[],"containsNot":[],"isEqualTo":[],"isNotEqualTo":[],"regEx":[]},"onPremises":null,"activateFunctionsOnEvents":[{"event":"onBannerOpen","function":"7","params":[]}],"backgroundOverlay":[],"dataExchangeOnPage":[{"type":1,"events":["consents_initialized_storage","specific_consents_changed","consents_initialized_setting"],"names":["dataLayer"]},{"type":4,"events":[],"names":["ucChange"]}],"features":{"onPremises":false,"optinReport":false,"tagloggerReport":false,"duplicateSetting":false,"settingsAppV2":false,"poweredBy":false,"batchCopy":false,"tcf2AdvancedSettings":false,"customCss":true,"abTesting":true,"previewPublish":true,"dsar":false,"auditLog":false},"consentTemplates":[{"type":"predefined","templateId":"H1Vl5NidjWX","version":"40.17.40","categorySlug":"essential","description":"","isHidden":false,"isShared":false,"isDeactivated":false,"isAutoUpdateAllowed":true,"defaultConsentStatus":false,"subConsents":[],"legalBasisList":[],"disableLegalBasis":false,"usesThirdCountry":false,"_meta":{"name":"Usercentrics Consent Management Platform"}},{"type":"predefined","templateId":"JQ2XQxIk","version":"9.6.7","categorySlug":"marketing","description":"","isHidden":false,"isShared":false,"isDeactivated":false,"isAutoUpdateAllowed":true,"defaultConsentStatus":false,"subConsents":[],"legalBasisList":[],"disableLegalBasis":false,"usesThirdCountry":false,"_meta":{"name":"LinkedIn Insight Tag"}},{"type":"predefined","templateId":"S1kgcNo_j-m","version":"6.5.8","categorySlug":"functional","description":"","isHidden":false,"isShared":false,"isDeactivated":false,"isAutoUpdateAllowed":true,"defaultConsentStatus":false,"subConsents":[],"legalBasisList":[],"disableLegalBasis":false,"usesThirdCountry":false,"_meta":{"name":"Hotjar"}},{"type":"predefined","templateId":"HkocEodjb7","version":"52.11.38","categorySlug":"functional","description":"","isHidden":false,"isShared":false,"isDeactivated":false,"isAutoUpdateAllowed":true,"defaultConsentStatus":false,"subConsents":[{"type":"predefined","templateId":"4Ab1BgiB7","version":"1.3.0","categorySlug":"none","description":null,"isHidden":false,"isShared":false,"isDeactivated":false,"isAutoUpdateAllowed":false,"defaultConsentStatus":false,"_meta":{"name":"Google Signals"}},{"type":"predefined","templateId":"ge3hQ3zM","version":"2.3.0","categorySlug":"none","description":null,"isHidden":false,"isShared":false,"isDeactivated":false,"isAutoUpdateAllowed":false,"defaultConsentStatus":false,"_meta":{"name":"Google Analytics Event Tracking"}}],"legalBasisList":[],"disableLegalBasis":false,"usesThirdCountry":false,"_meta":{"name":"Google Analytics"}},{"type":"custom","templateId":"UCiwMWynJ","version":"7.4.1","categorySlug":"customCategory-c20e4356-6555-4566-ad00-6c752039ec33","description":"","isHidden":false,"isShared":false,"isDeactivated":false,"isAutoUpdateAllowed":true,"defaultConsentStatus":true,"subConsents":[],"legalBasisList":[],"disableLegalBasis":false,"usesThirdCountry":false,"_meta":{"name":"Affiliate"}},{"type":"custom","templateId":"gkOtoWE7e","version":"8.2.2","categorySlug":"essential","description":"","isHidden":false,"isShared":false,"isDeactivated":false,"isAutoUpdateAllowed":true,"defaultConsentStatus":false,"subConsents":[],"legalBasisList":[],"disableLegalBasis":false,"usesThirdCountry":false,"_meta":{"name":"Limited Time Discount"}},{"type":"custom","templateId":"OD_LA5BA6bILpU","version":"3.2.0","categorySlug":"customCategory-c20e4356-6555-4566-ad00-6c752039ec33","description":"","isHidden":false,"isShared":false,"isDeactivated":false,"isAutoUpdateAllowed":true,"defaultConsentStatus":false,"subConsents":[],"legalBasisList":[],"disableLegalBasis":false,"usesThirdCountry":false,"_meta":{"name":"Cognigy"}},{"type":"custom","templateId":"oUCjv7tuSU2kQ7","version":"1.1.0","categorySlug":"customCategory-c20e4356-6555-4566-ad00-6c752039ec33","description":"","isHidden":false,"isShared":false,"isDeactivated":false,"isAutoUpdateAllowed":true,"defaultConsentStatus":false,"subConsents":[],"legalBasisList":[],"disableLegalBasis":false,"usesThirdCountry":false,"_meta":{"name":"Datadog Real User Monitoring"}},{"type":"custom","templateId":"2jjY8YgcsPv4x_","version":"1.1.0","categorySlug":"customCategory-c20e4356-6555-4566-ad00-6c752039ec33","description":"","isHidden":false,"isShared":false,"isDeactivated":false,"isAutoUpdateAllowed":true,"defaultConsentStatus":false,"subConsents":[],"legalBasisList":[],"disableLegalBasis":false,"usesThirdCountry":false,"_meta":{"name":"Google Tag Manager"}},{"type":"custom","templateId":"b52fBFdirvvHVG","version":"5.3.3","categorySlug":"customCategory-c20e4356-6555-4566-ad00-6c752039ec33","description":"","isHidden":false,"isShared":false,"isDeactivated":false,"isAutoUpdateAllowed":true,"defaultConsentStatus":false,"subConsents":[],"legalBasisList":[],"disableLegalBasis":false,"usesThirdCountry":false,"_meta":{"name":"Jimdo Cookie"}},{"type":"custom","templateId":"2q_A6R5zTNdR4A","version":"5.4.0","categorySlug":"customCategory-c20e4356-6555-4566-ad00-6c752039ec33","description":"","isHidden":false,"isShared":false,"isDeactivated":false,"isAutoUpdateAllowed":true,"defaultConsentStatus":false,"subConsents":[],"legalBasisList":[],"disableLegalBasis":false,"usesThirdCountry":false,"_meta":{"name":"Jimdo Webanalytics"}},{"type":"custom","templateId":"AbttQ7O5qzxzxL","version":"1.1.0","categorySlug":"customCategory-c20e4356-6555-4566-ad00-6c752039ec33","description":"","isHidden":false,"isShared":false,"isDeactivated":false,"isAutoUpdateAllowed":true,"defaultConsentStatus":false,"subConsents":[],"legalBasisList":[],"disableLegalBasis":false,"usesThirdCountry":false,"_meta":{"name":"Sift"}},{"type":"custom","templateId":"nB9FrU5TO","version":"2.2.13","categorySlug":"customCategory-c20e4356-6555-4566-ad00-6c752039ec33","description":"","isHidden":false,"isShared":false,"isDeactivated":false,"isAutoUpdateAllowed":true,"defaultConsentStatus":false,"subConsents":[],"legalBasisList":[],"disableLegalBasis":false,"usesThirdCountry":false,"_meta":{"name":"Visual Website Optimizer (VWO)"}},{"type":"custom","templateId":"bTU5UU5282Xu3M","version":"5.2.0","categorySlug":"marketing","description":"","isHidden":false,"isShared":false,"isDeactivated":false,"isAutoUpdateAllowed":true,"defaultConsentStatus":false,"subConsents":[],"legalBasisList":[],"disableLegalBasis":false,"usesThirdCountry":false,"_meta":{"name":"DCMN"}},{"type":"custom","templateId":"2fGlUzLWYMeDj5","version":"1.1.0","categorySlug":"marketing","description":"","isHidden":false,"isShared":false,"isDeactivated":false,"isAutoUpdateAllowed":true,"defaultConsentStatus":false,"subConsents":[],"legalBasisList":[],"disableLegalBasis":false,"usesThirdCountry":false,"_meta":{"name":"Facebook Pixel"}},{"type":"custom","templateId":"t2vfXzIcJ","version":"2.1.0","categorySlug":"marketing","description":"","isHidden":false,"isShared":false,"isDeactivated":false,"isAutoUpdateAllowed":true,"defaultConsentStatus":false,"subConsents":[],"legalBasisList":[],"disableLegalBasis":false,"usesThirdCountry":false,"_meta":{"name":"Fullstory"}},{"type":"custom","templateId":"DBwXY5k-Mx1XY-","version":"1.1.0","categorySlug":"marketing","description":"","isHidden":false,"isShared":false,"isDeactivated":false,"isAutoUpdateAllowed":true,"defaultConsentStatus":false,"subConsents":[],"legalBasisList":[],"disableLegalBasis":false,"usesThirdCountry":false,"_meta":{"name":"Google Ads Conversion Tracking"}},{"type":"custom","templateId":"iTFVyDsotl-N8X","version":"1.1.0","categorySlug":"marketing","description":"","isHidden":false,"isShared":false,"isDeactivated":false,"isAutoUpdateAllowed":true,"defaultConsentStatus":false,"subConsents":[],"legalBasisList":[],"disableLegalBasis":false,"usesThirdCountry":false,"_meta":{"name":"Microsoft Conversion Tracking"}},{"type":"custom","templateId":"dz92B7Pl0HLgUF","version":"1.1.0","categorySlug":"marketing","description":"","isHidden":false,"isShared":false,"isDeactivated":false,"isAutoUpdateAllowed":true,"defaultConsentStatus":false,"subConsents":[],"legalBasisList":[],"disableLegalBasis":false,"usesThirdCountry":false,"_meta":{"name":"Google Ads Remarketing"}},{"type":"custom","templateId":"22KfvgcmI01yuV","version":"1.1.0","categorySlug":"marketing","description":"","isHidden":false,"isShared":false,"isDeactivated":false,"isAutoUpdateAllowed":true,"defaultConsentStatus":false,"subConsents":[],"legalBasisList":[],"disableLegalBasis":false,"usesThirdCountry":false,"_meta":{"name":"Pinterest Tags"}},{"type":"custom","templateId":"u2Ol6p1IWxxmn1","version":"1.1.0","categorySlug":"marketing","description":"","isHidden":false,"isShared":false,"isDeactivated":false,"isAutoUpdateAllowed":true,"defaultConsentStatus":false,"subConsents":[],"legalBasisList":[],"disableLegalBasis":false,"usesThirdCountry":false,"_meta":{"name":"Twitter Conversion Tracking"}},{"type":"custom","templateId":"c0aRcL3XKxwh4y","version":"1.1.0","categorySlug":"functional","description":"","isHidden":false,"isShared":false,"isDeactivated":false,"isAutoUpdateAllowed":true,"defaultConsentStatus":false,"subConsents":[],"legalBasisList":[],"disableLegalBasis":false,"usesThirdCountry":false,"_meta":{"name":"YouTube Video"}}],"categories":[{"categorySlug":"essential","label":"Essential","description":"These technologies are strictly necessary to provide you with the services and features available through our website.","isEssential":true,"isHidden":false},{"categorySlug":"functional","label":"Functional & Statistics","description":"These technologies enable us to provide enhanced functionality and personalisation as well as analyse website usage in order to measure and improve its performance.","isEssential":false,"isHidden":false},{"categorySlug":"marketing","label":"Marketing","description":"These technologies are usually used to show you advertisements that meet your interests. When you visit another website, your browser’s cookie is recognized and selected ads are displayed to you based on the information stored in this cookie..","isEssential":false,"isHidden":false},{"categorySlug":"customCategory-c20e4356-6555-4566-ad00-6c752039ec33","label":"Other data processing","description":"Within our organisation we use other tools for data processing. These are also listed here for informational purposes.","isEssential":true,"isHidden":false}],"ccpa":{"isActive":false,"region":"US_CA_ONLY","showOnPageLoad":false,"reshowCMP":true,"reshowAfterDays":365,"iabAgreementExists":false,"firstLayerTitle":"Privacy Information","firstLayerDescription":"We and our partners are using technologies like cookies and process personal data in order to improve your experience. In case of sale of your personal information you may exercise your consumer right to opt-out by activating the toggle 'Do Not Sell My Personal Information' below. For detailed information about the categories of personal information we collect and the purposes for which information may be used and which Data Processing Services may have access to this information please click on 'More Information' or refer to our privacy policy.","appFirstLayerDescription":"We and our partners are using technologies like cookies and process personal data in order to improve your experience. In case of sale of your personal information you may exercise your consumer right to opt-out by activating the toggle 'Do Not Sell My Personal Information' below. For detailed information about the categories of personal information we collect and the purposes for which information may be used and which Data Processing Services may have access to this information please refer to our privacy policy.","firstLayerMobileDescriptionIsActive":false,"firstLayerMobileDescription":"We and our partners are using technologies like cookies and process personal data in order to improve your experience. In case of sale of your personal information you may exercise your consumer right to opt-out by activating the toggle 'Do Not Sell My Personal Information' below.","firstLayerVariant":"BANNER","firstLayerHideLanguageSwitch":false,"firstLayerUseShortMessage":false,"firstLayerShortMessage":"","secondLayerTitle":"Privacy Settings","secondLayerDescription":"Here you can find detailed information about the categories of personal information we collect and the purposes for which information may be used and which Data Processing Services may have access to this information.","secondLayerVariant":"CENTER","secondLayerSide":"LEFT","secondLayerHideLanguageSwitch":false,"btnSave":"OK","btnMoreInfo":"More Information","optOutNoticeLabel":"Do not sell my personal information","removeDoNotSellToggle":false,"firstLayerMobileVariant":"SHEET"},"tcf2":{"firstLayerTitle":"Privacy Information","firstLayerDescription":"We and our third-party vendors use technologies (e.g. cookies) to store and/or access information on user's devices in order to process personal data such as IP addresses or browsing data. You may consent to the processing of your personal data for the listed purposes below. Alternatively you can set your preferences before consenting or refuse to consent. Please note that some vendors may process your personal data based on their legitimate business interest and do not ask for your consent. To exercise your right to object to processing based on legitimate interest please view our vendorlist.","firstLayerAdditionalInfo":"","firstLayerHideToggles":false,"secondLayerTitle":"Privacy Settings","secondLayerDescription":"You can access more detailed information below regarding all purposes and third-party vendors implemented on this website. You can adjust your privacy settings based on specific purposes and/or at a vendor level at any time.","secondLayerHideToggles":false,"hideLegitimateInterestToggles":false,"labelsPurposes":"Purposes","labelsFeatures":"Features","labelsNonIabPurposes":"Non-IAB Purposes","labelsIabVendors":"Vendors who are part of the IAB TCF","labelsDisclaimer":"All choices on this website will be applied globally, which means they will be available on other websites that set your choices globally. By clicking on our Privacy Button in the bottom left corner, you can change your settings or withdraw your consent at any time.","togglesConsentToggleLabel":"Consent","togglesLegIntToggleLabel":"Legitimate Interest","togglesSpecialFeaturesToggleOn":"On","togglesSpecialFeaturesToggleOff":"Off","buttonsAcceptAllLabel":"Accept all","buttonsSaveLabel":"Save Settings","buttonsDenyAllLabel":"Deny all","buttonsDenyAllIsEnabled":true,"firstLayerHideButtonDeny":true,"secondLayerHideButtonDeny":true,"linksManageSettingsLabel":"Manage Settings","linksVendorListLinkLabel":"Vendorlist","tabsPurposeLabel":"Purposes","tabsVendorsLabel":"Vendors","publisherCountryCode":"DE","purposeOneTreatment":false,"selectedVendorIds":[],"gdprApplies":true,"cmpId":null,"cmpVersion":null,"consensuDomain":null,"consensuScriptPath":null,"selectedStacks":[],"scope":"SERVICE","appLayerNoteResurface":"You can change your privacy settings or withdraw your consent at any time by opening the menu point Privacy Settings.","changedPurposes":{"legIntPurposes":[],"purposes":[]},"disabledSpecialFeatures":[],"enforceAcceptAll":false,"firstLayerNoteGlobal":"Your choices for this website will be applied globally, which means they will be available to other websites that set your choices globally.","firstLayerNoteResurface":"You can change your privacy settings or withdraw your consent at any time by clicking on our Privacy Button.","firstLayerNoteService":"Your choices for this website will be applied on this page only. You can change your Privacy Settings or withdraw your consent at any time by clicking on our Privacy Button.","firstLayerShowDescriptions":false,"hideNonIabOnFirstLayer":false,"labelsNonIabVendors":"Vendors who are not part of the IAB TCF","resurfaceIABLegalBasisChanged":true,"resurfacePeriodEnded":true,"resurfacePurposeChanged":true,"resurfaceVendorAdded":true,"showCookieInformation":false,"vendorFeatures":"Features","vendorLegitimateInterestPurposes":"Purposes processed by Legitimate Interest","vendorPurpose":"Purposes processed by Consent","vendorSpecialFeatures":"Special Features","vendorSpecialPurposes":"Special Purposes","labelsActivateAllVendors":"(De)select all","vendorToggleAll":false,"dataSharedOutsideEUText":"Some vendors might transfer data to countries outside the EU / EEA (third country data transfer), such as the USA, as part of the processing for the mentioned purposes. The level of data protection in these countries might not be comparable to the data protection regime in EU / EEA countries; there is therefore a particular risk that government authorities could access this data. For more information on security guarantees, see the vendors privacy policy or contact the vendor directly.","showDataSharedOutsideEUText":false,"vendorIdsOutsideEUList":[],"firstLayerMobileVariant":"SHEET"},"customization":{"color":{"primary":"2156fa","acceptBtnText":"ffffff","acceptBtnBackground":"007a30","denyBtnText":"010334","denyBtnBackground":"ffffff","saveBtnText":"010334","saveBtnBackground":"ffffff","linkIcon":"595959","linkFont":"CBD4D5","text":"ffffff","layerBackground":"010334","overlay":"333333","toggleInactiveBackground":"","toggleInactiveIcon":"","toggleActiveBackground":"2156fa","toggleActiveIcon":"","toggleDisabledBackground":"","toggleDisabledIcon":"","secondLayerTab":"ffffff","moreBtnBackground":"e0e5e6","moreBtnText":"010334","privacyButtonIcon":"","privacyButtonBackground":"","tabsBorderColor":"ffffff","ccpaButtonColor":"F5F5F5","ccpaButtonTextColor":"303030"},"font":{"family":"Euclid","size":12},"logoUrl":"","borderRadiusLayer":0,"useBackgroundShadow":true,"borderRadiusButton":0,"overlayOpacity":0.4,"logoAltTag":"","privacyButtonSizeDesktop":64,"privacyButtonSizeMobile":44,"buttonAlignment":"HORIZONTAL"},"firstLayer":{"title":"","closeOption":null,"isOverlayEnabled":false,"isCategoryTogglesEnabled":false,"descriptionDefault":"","variant":"BANNER","hideButtonDeny":false,"hideLanguageSwitch":true,"logoPosition":"CENTER","secondLayerTrigger":"LINK","useShortMessage":false,"shortMessage":"","mobileVariant":"SHEET"},"secondLayer":{"title":"","isOverlayEnabled":false,"tabsCategoriesIsEnabled":true,"tabsServicesIsEnabled":true,"tabsCategoriesLabel":"Categories","tabsServicesLabel":"Services","description":"","variant":"SIDE","hideButtonDeny":false,"hideLanguageSwitch":true,"side":"RIGHT","hideTogglesForServices":false,"acceptButtonText":"","denyButtonText":"","defaultView":"CAT","hideDataProcessingServices":false},"styles":{"btnPrivacyButtonInactiveSize":100,"historyDateFormat":0,"btnPrivacyButtonActiveSize":100,"txtOptInMsgFontSize":14,"btnPrivacyButtonTransparency":90,"btnPrivacyButtonBgColor":"3ba1db","btnAcceptTextColor":"e6e6e6","btnDenyTextColor":"e6e6e6","txtOptInMsgColor":"e6e6e6","btnMoreInfoBgColor":"3ba1db","btnMoreInfoTextColor":"e6e6e6","btnAcceptBgColor":"008b02","btnDenyBgColor":"3ba1db","linkColor":"3ba1db","cornerModalHeaderBgColor":"3ba1db","cornerModalHeaderTextColor":"ffffff","privacyModalHeaderBgColor":"3ba1db","privacyModalHeaderTextColor":"ffffff","bannerBgColor":"3ba1db","bannerTextColor":"ffffff","btnPrivacyButtonTextColor":"3ba1db","modalSaveTextColor":"ffffff","modalSaveBgColor":"3ba1db","chipTextColor":"ffffff","chipBgColor":"3ba1db"},"labels":{"optin":"General Opt-In","dataScopes":"Data Scopes","dataAttributes":"Data Attributes","dataPurposes":"Data Purposes","dataProcessors":"Processing Company","dataControllers":"Data Controller","accepted":"yes","denied":"no","history":"History","settings":"Settings","subConsents":"Subservices","btnSelectAll":"Select all","btnAccept":"Accept","btnDeny":"Deny","btnChipName":"Privacy Settings","statusActive":"active","statusInactive":"inactive","titleCorner":"<span data-sheets-value=\"{&quot;1&quot;:2,&quot;2&quot;:&quot;This tool helps you to select and deactivate various tags/trackers/analytic tools used on this website.&quot;}\" data-sheets-userformat=\"{&quot;2&quot;:15105,&quot;3&quot;:{&quot;1&quot;:0},&quot;11&quot;:4,&quot;12&quot;:0,&quot;14&quot;:{&quot;1&quot;:2,&quot;2&quot;:3158064},&quot;15&quot;:&quot;Arial&quot;,&quot;16&quot;:11}\" style=\"font-size: 11pt; font-family: Arial;\">This tool helps you to select and deactivate various tags/trackers/analytic tools used on this website.</span>","headerCorner":"Privacy Settings","btnSaveSettings":"Save settings","btnMore":"Settings","poweredBy":"Powered by <a href=\"https://usercentrics.com/?utm_source=cmp&utm_medium=powered_by\" rel=\"nofollow\" target=\"_blank\">Usercentrics Consent Management</a>.","technologiesUsed":"Technologies Used","dataCollectedList":"Data Collected","processingCompanyTitle":"Processing Company","legalBasisList":"Legal Basis","retentionPeriod":"Retention Period","locationOfProcessing":"Location of Processing","transferToThirdCountries":"Transfer to Third Countries","furtherInformationOptOut":"Further Information and Opt-Out","dataProtectionOfficer":"Data Protection Officer of Processing Company","nameOfProcessingCompany":"Processing Company","addressOfProcessingCompany":"Address of processing company","optOut":"Click here to opt out from this processor across all domains","policyOf":"Click here to read the privacy policy of the data processor","searchPlaceholder":"Search Services","dataCollectedInfo":"This list represents all (personal) data that is collected by or through the use of this service.","legalBasisInfo":"In the following the required legal basis for the processing of data is listed.","locationofProcessingInfo":"This is the primary location where the collected data is being processed. If the data is also processed in other countries, you are informed separately.","retentionPeriodInfo":"The retention period is the time span the collected data is saved for the processing purposes. The data needs to be deleted as soon as it is no longer needed for the stated processing purposes.","dataRecipientsList":"Data Recipients","dataRecipientsListInfo":"In the following the recipients of the data collected are listed.","transferToThirdCountriesInfo":"This service may forward the collected data to a different country. Please note that this service might transfer the data to a country without the required data protection standards. If the data is transferred to the USA, there is a risk that your data can be processed by US authorities, for control and surveillance measures, possibly without legal remedies. Below you can find a list of countries to which the data is being transferred. For more information regarding safeguards please refer to the website provider’s privacy policy or contact the website provider directly.","dataProtectionOfficerInfo":"Below you can find the email address of the data protection officer of the processing company.","linkToDpaInfo":"Data Processing Agreement","dataPurposesInfo":"This list represents the purposes of the data collection and processing.","technologiesUsedInfo":"This list represents all technologies this service uses to collect data. Typical technologies are Cookies and Pixels that are placed in the browser.","btnBannerReadMore":"Read more","cookiesNotice":"Privacy notice","dataAt":"Data at","consentDescription":"Description of the use of the data","descriptionOfService":"Description of Service","technology":"Technology being used to process the data","legalGrounds":"Legal ground according to Art. 6 GDPR on which data processing is based","notAvailable":"not available","noResults":"No results","btnViewFullConsentsList":"Display all Services","by":"by","date":"Date","data":"Data","comments":"Comments","noDescription":"No description","ago":"ago","justNow":"just now","minute":"minute","minutes":"minutes","hour":"hour","hours":"hours","day":"day","days":"days","month":"month","months":"months","year":"year","years":"years","consent":"Consent","categories":"Categories","language":"Language","btnSave":"Save Settings","btnCancel":"Cancel changes","btnClose":"Close","btnReset":"Reset","btnMoreInfo":"More Info","btnAllOn":"Switch all on","btnAllOff":"Switch all off","btnSaveAndExit":"Save and close","btnBack":"Back","titleCenterPrimary":"Privacy Settings","titleCenterSecondary":"Privacy Settings","headerCenterPrimary":"Privacy Settings","headerCenterSecondary":"Privacy Settings","btnSaveAndNext":"Save and next","btnShowPrivacy":"Show privacy","bannerInfo":"Info","btnActivateChangesAndCloseWindow":"Activate changes and close window","copy":"copy","copied":"copied","view":"view","more":"more","less":"less","consents":"Consents","btnModalSave":"Save settings","headerModalDescription":"Privacy Settings","headerModal":"This tool helps you to select and deactivate various tags / trackers / analytic tools used on this website.","basic":"Basic","advanced":"Advanced","processingCompany":"Processing Company","cookiePolicyInfo":"Click here to read the cookie policy of the data processor","imprintLinkText":"Legal Notice","privacyPolicyLinkText":"Privacy Policy","cookiePolicyLinkText":"Cookie Policy","partnerPoweredByLinkText":"","iabBtnAcceptAll":"Accept All","iabCategoryNonIab":"Non IAB Vendors","iabCategoryNonIabDescription":"Vendors not yet registered with IAB Framework.","btnAcceptAll":"Accept All","iabViewByPurpose":"View by Purpose","iabExamplePersonalData":"Example for personal data: IP address","secondLayerAppendix":"","firstLayerTitle":" ","historyDescription":"","consentType":"Consent type","decision":"Decision","explicit":"Explicit","implicit":"Implicit","showMore":"Show more","storageInformation":"Storage Information","maximumAgeCookieStorage":"Maximum age of cookie storage","second":"second","seconds":"seconds","nonCookieStorage":"Non-cookie storage","detailedStorageInformation":"Detailed Storage Information","loadingStorageInformation":"Loading storage information","name":"Name","identifier":"Identifier","duration":"Duration","type":"Type","domain":"Domain","informationLoadingNotPossible":"Sorry, we could not load the required information.","yes":"yes","session":"Session","no":"no","tryAgain":"Try again?","anyDomain":"any domain (ex. first party cookie)","multipleDomains":"multiple subdomains may exist","storageInformationDescription":"Below you can see the longest potential duration for storage on a device, as set when using the cookie method of storage and if there are any other methods used.","storedInformation":"Stored Information","storedInformationDescription":"This service uses different means of storing information on a user’s device as listed below.","yesImplicit":"yes (website default)","noImplicit":"no (website default)","readLess":"Read less","gpcSignalHonored":"The GPC signal is honored"},"showCookieInformation":false,"reshowBanner":null,"googleConsentMode":false,"appIds":[],"useUnsafeCustomCss":false,"enableBotDetection":false,"interactionAnalytics":true,"variants":{"enabled":false,"experiments":"","activateWith":"UC"},"consentAPIv2":true,"consentAnalytics":true,"consentXDevice":false,"dpsDisplayFormat":"ALL","framework":null,"publishedApps":[],"createdAt":"2023-06-14T14:58:40.063Z","updatedAt":"2023-06-14T14:58:40.063Z"}