{"AjaxWatches":[],"BehaviorSignalSettings":{"ElementBlocks":null},"Domains":{"OnlyKnownDomains":false},"ElementBlocks":[{"Selector":"input[type=password]","Consent":false,"Type":1},{"Selector":"input[type=hidden]","Consent":false,"Type":1},{"Selector":"[autocomplete^=cc-]","Consent":false,"Type":1},{"Selector":".fs-exclude","Consent":false,"Type":1},{"Selector":".fs-exclude-without-consent","Consent":true,"Type":1},{"Selector":".fs-mask","Consent":false,"Type":2},{"Selector":".fs-mask-without-consent","Consent":true,"Type":2},{"Selector":".fs-unmask","Consent":false,"Type":3},{"Selector":".fs-unmask-with-consent","Consent":true,"Type":3},{"Selector":".fs-hide","Consent":false,"Type":1},{"Selector":".fs-block","Consent":false,"Type":1},{"Selector":".fs-record-with-consent","Consent":true,"Type":1}],"ElementDeferreds":[],"ElementKeeps":null,"ElementWatches":[],"OrgSettings":{"AttributeBlocklist":[{"Target":0,"Tag":"*","Name":"src","Action":2},{"Target":0,"Tag":"iframe","Name":"srcdoc","Action":0},{"Target":0,"Tag":"frame","Name":"src","Action":2},{"Target":0,"Tag":"frame","Name":"srcdoc","Action":0},{"Target":0,"Tag":"*","Name":"data-v-form-field","Action":0},{"Target":1,"Tag":"*","Name":"alt","Action":0},{"Target":1,"Tag":"*","Name":"checked","Action":0},{"Target":1,"Tag":"*","Name":"data","Action":0},{"Target":1,"Tag":"*","Name":"href","Action":0},{"Target":1,"Tag":"*","Name":"placeholder","Action":0},{"Target":1,"Tag":"*","Name":"src","Action":0},{"Target":1,"Tag":"*","Name":"srcset","Action":0},{"Target":1,"Tag":"*","Name":"style","Action":3},{"Target":1,"Tag":"*","Name":"title","Action":0},{"Target":1,"Tag":"*","Name":"value","Action":0},{"Target":2,"Tag":"*","Name":"checked","Action":0},{"Target":2,"Tag":"*","Name":"data","Action":0},{"Target":2,"Tag":"*","Name":"alt","Action":1},{"Target":2,"Tag":"*","Name":"placeholder","Action":1},{"Target":2,"Tag":"*","Name":"title","Action":1},{"Target":2,"Tag":"*","Name":"value","Action":1},{"Target":2,"Tag":"option","Name":"label","Action":1},{"Target":2,"Tag":"*","Name":"placeholder","Action":1},{"Target":1,"Tag":"*","Name":"data-com.agilebits.onepassword.initial-value","Action":0},{"Target":1,"Tag":"*","Name":"data-kwcachedvalue","Action":0},{"Target":0,"Tag":"*","Name":"href","Action":2}],"HttpRequestHeadersAllowlist":["a-im","accept","accept-charset","accept-encoding","accept-language","accept-datetime","access-control-request-method","access-control-request-headers","cache-control","connection","content-length","content-md5","content-type","date","expect","forwarded","from","host","if-match","if-modified-since","if-none-match","if-range","if-unmodified-since","max-forwards","origin","pragma","range","referer","te","user-agent","upgrade","via","warning","x-b3-traceid"],"HttpResponseHeadersAllowlist":["access-control-allow-origin","access-control-allow-credentials","access-control-expose-headers","access-control-max-age","access-control-allow-methods","access-control-allow-headers","accept-patch","accept-ranges","age","allow","alt-svc","cache-control","connection","content-disposition","content-encoding","content-language","content-length","content-location","content-md5","content-range","content-type","date","delta-base","etag","expires","im","last-modified","link","location","permanent","p3p","pragma","proxy-authenticate","public-key-pins","retry-after","permanent","server","status","strict-transport-security","trailer","transfer-encoding","tk","upgrade","vary","via","warning","www-authenticate","x-b3-traceid","x-frame-options"],"MaxAjaxPayloadLength":16384,"MaxConsoleLogPerPage":1024,"MaxPerfMarksPerPage":16384,"MaxUrlLength":2048,"RecordPerformanceResourceImg":true,"RecordPerformanceResourceTiming":true,"UrlPathBlocklist":[],"UrlPrivacyConfig":[{"Exclude":{"Hash":[{"Expression":"#access_token.*"}],"QueryParam":[{"Expression":"(password.*=)(.*)"},{"Expression":"(token.*=)(.*)"},{"Expression":"^(code=)(.*)"},{"Expression":"^(jwt=)(.*)"}]}}],"UrlQueryStringBlocklist":["(password.*=)(.*)","(token.*=)(.*)","^(code=)(.*)","^(jwt=)(.*)"]},"UrlKeeps":null}
