{"businessUnit":{"stars":4.0,"trustScore":4.2,"displayName":"Evri","numberOfReviews":{"total":3774314,"oneStar":437428,"twoStars":73524,"threeStars":85599,"fourStars":238148,"fiveStars":2939615},"websiteUrl":"http://www.evri.com"},"businessEntity":{"stars":4.0,"trustScore":4.2,"displayName":"Evri","numberOfReviews":{"total":3774314,"oneStar":437428,"twoStars":73524,"threeStars":85599,"fourStars":238148,"fiveStars":2939615},"websiteUrl":"http://www.evri.com"},"reviews":[{"stars":5,"createdAt":"2023-07-06T07:24:09Z","title":"Mike really is the nicest delivery guy…","text":"Mike really is the nicest delivery guy I've met. Always pleasant and I never miss a parcel.","reviewUrl":"https://uk.trustpilot.com/reviews/64a64ff9706f837cb10bf059","verification":{"createdAt":"2023-07-06T07:24:09Z","isVerified":true,"reviewSource":"InvitationApi","verificationSource":"invitation","verificationLevel":"verified"},"consumer":{"displayName":"Adele"},"companyReply":null},{"stars":5,"createdAt":"2023-07-06T07:24:00Z","title":"Delivery was efficient and driver was…","text":"Delivery was efficient and driver was poite","reviewUrl":"https://uk.trustpilot.com/reviews/64a64ff0706f837cb10bf058","verification":{"createdAt":"2023-07-06T07:24:00Z","isVerified":true,"reviewSource":"InvitationApi","verificationSource":"invitation","verificationLevel":"verified"},"consumer":{"displayName":"Megan Elliott"},"companyReply":null},{"stars":5,"createdAt":"2023-07-06T07:23:44Z","title":"Great team work","text":"Great team work","reviewUrl":"https://uk.trustpilot.com/reviews/64a64fe0c423446286842254","verification":{"createdAt":"2023-07-06T07:23:44Z","isVerified":true,"reviewSource":"InvitationApi","verificationSource":"invitation","verificationLevel":"verified"},"consumer":{"displayName":"MRSHAWNHARVEY"},"companyReply":null},{"stars":5,"createdAt":"2023-07-06T07:23:23Z","title":"prompt delivery","text":"prompt delivery, on time and with our lovely courier Charlotte.","reviewUrl":"https://uk.trustpilot.com/reviews/64a64fcb706f837cb10bf057","verification":{"createdAt":"2023-07-06T07:23:23Z","isVerified":true,"reviewSource":"InvitationApi","verificationSource":"invitation","verificationLevel":"verified"},"consumer":{"displayName":"Miss Di Clarke"},"companyReply":null},{"stars":5,"createdAt":"2023-07-06T07:23:15Z","title":"Great communication","text":"Great communication, polite and respected property.","reviewUrl":"https://uk.trustpilot.com/reviews/64a64fc3706f837cb10bf056","verification":{"createdAt":"2023-07-06T07:23:15Z","isVerified":true,"reviewSource":"InvitationApi","verificationSource":"invitation","verificationLevel":"verified"},"consumer":{"displayName":"MRDEREKHEARN"},"companyReply":null},{"stars":4,"createdAt":"2023-07-06T07:23:03Z","title":"Easy and quick service.","text":"Easy and quick service.","reviewUrl":"https://uk.trustpilot.com/reviews/64a64fb7706f837cb10bf055","verification":{"createdAt":"2023-07-06T07:23:03Z","isVerified":true,"reviewSource":"InvitationApi","verificationSource":"invitation","verificationLevel":"verified"},"consumer":{"displayName":"Joanne Wilson"},"companyReply":null},{"stars":4,"createdAt":"2023-07-06T07:22:33Z","title":"Parcel delivered in good condition when expected","text":"Parcel delivered in good condition. Was advised of slight time change for delivery. All good.","reviewUrl":"https://uk.trustpilot.com/reviews/64a64f99c42344628684224f","verification":{"createdAt":"2023-07-06T07:22:33Z","isVerified":true,"reviewSource":"InvitationApi","verificationSource":"invitation","verificationLevel":"verified"},"consumer":{"displayName":"Shirley Roberts"},"companyReply":null},{"stars":5,"createdAt":"2023-07-06T07:21:57Z","title":"Perfect description and prompt delivery","text":"Perfect description and prompt delivery","reviewUrl":"https://uk.trustpilot.com/reviews/64a64f74c42344628684224d","verification":{"createdAt":"2023-07-06T07:21:57Z","isVerified":true,"reviewSource":"InvitationApi","verificationSource":"invitation","verificationLevel":"verified"},"consumer":{"displayName":"Carl Dennett"},"companyReply":null},{"stars":4,"createdAt":"2023-07-06T07:19:10Z","title":"Some time parcel get left behind van…","text":"Some time parcel get left behind van please if no one home put over back fence","reviewUrl":"https://uk.trustpilot.com/reviews/64a64ecec423446286842242","verification":{"createdAt":"2023-07-06T07:19:10Z","isVerified":true,"reviewSource":"InvitationApi","verificationSource":"invitation","verificationLevel":"verified"},"consumer":{"displayName":"Louise  Scrannage"},"companyReply":null},{"stars":5,"createdAt":"2023-07-06T07:19:06Z","title":"Brilliant as always","text":"Brilliant as always. Lady that delivers has been coming to my home for approximately 2 years and knows I take a while to get to the door she always waits, is friendly and helps with larger items.","reviewUrl":"https://uk.trustpilot.com/reviews/64a64eca706f837cb10bf047","verification":{"createdAt":"2023-07-06T07:19:06Z","isVerified":true,"reviewSource":"InvitationApi","verificationSource":"invitation","verificationLevel":"verified"},"consumer":{"displayName":"customer"},"companyReply":null},{"stars":5,"createdAt":"2023-07-06T07:18:04Z","title":"Delivered item within the t estimated…","text":"Delivered item within the t estimated time given.","reviewUrl":"https://uk.trustpilot.com/reviews/64a64e8cc42344628684223e","verification":{"createdAt":"2023-07-06T07:18:04Z","isVerified":true,"reviewSource":"InvitationApi","verificationSource":"invitation","verificationLevel":"verified"},"consumer":{"displayName":"Candelaria"},"companyReply":null},{"stars":5,"createdAt":"2023-07-06T07:17:11Z","title":"Excellent service","text":"Efficient, polite and friendly driver.  It makes a difference to have a regular driver who knows the area and this ensures deliveries are made on time and in my experience to the right address.","reviewUrl":"https://uk.trustpilot.com/reviews/64a64e57706f837cb10bf03d","verification":{"createdAt":"2023-07-06T07:17:11Z","isVerified":true,"reviewSource":"InvitationApi","verificationSource":"invitation","verificationLevel":"verified"},"consumer":{"displayName":"Barbara "},"companyReply":null},{"stars":4,"createdAt":"2023-07-06T07:16:14Z","title":"Delivery was on time.","text":"Delivery was on time.","reviewUrl":"https://uk.trustpilot.com/reviews/64a64e1e706f837cb10bf03c","verification":{"createdAt":"2023-07-06T07:16:14Z","isVerified":true,"reviewSource":"InvitationApi","verificationSource":"invitation","verificationLevel":"verified"},"consumer":{"displayName":"MISS CAROL LOWERY"},"companyReply":null},{"stars":5,"createdAt":"2023-07-06T07:11:11Z","title":"Always polite and caring","text":"Always polite and caring","reviewUrl":"https://uk.trustpilot.com/reviews/64a64cef706f837cb10bf027","verification":{"createdAt":"2023-07-06T07:11:11Z","isVerified":true,"reviewSource":"InvitationApi","verificationSource":"invitation","verificationLevel":"verified"},"consumer":{"displayName":"Sharon"},"companyReply":null},{"stars":5,"createdAt":"2023-07-06T07:10:48Z","title":"always have my parcels on time","text":"always have my parcels on time","reviewUrl":"https://uk.trustpilot.com/reviews/64a64cd8706f837cb10bf026","verification":{"createdAt":"2023-07-06T07:10:48Z","isVerified":true,"reviewSource":"InvitationApi","verificationSource":"invitation","verificationLevel":"verified"},"consumer":{"displayName":"Mrs Joan Jones"},"companyReply":null}],"links":{"profileUrl":"https://uk.trustpilot.com/review/www.evri.com","evaluateUrl":"https://uk.trustpilot.com/evaluate/www.evri.com","evaluateEmbedUrl":"https://uk.trustpilot.com/evaluate/embed/www.evri.com","consumerWebPageUrl":null},"starsString":"Great","translations":{"basedon":"Based on <a target=\"_blank\"><strong class='bold-underline'>[NOREVIEWS] reviews</strong></a>","firstreviewer":"Be the first to review us on","noreviews":"No reviews yet"},"settings":{"customStylesAllowed":true,"syndicationEnabled":false}}