{"businessUnit":{"stars":4.0,"trustScore":4.2,"displayName":"Evri","numberOfReviews":{"total":3774314,"oneStar":437428,"twoStars":73524,"threeStars":85599,"fourStars":238148,"fiveStars":2939615},"websiteUrl":"http://www.evri.com"},"businessEntity":{"stars":4.0,"trustScore":4.2,"displayName":"Evri","numberOfReviews":{"total":3774314,"oneStar":437428,"twoStars":73524,"threeStars":85599,"fourStars":238148,"fiveStars":2939615},"websiteUrl":"http://www.evri.com"},"reviews":null,"links":{"profileUrl":"https://uk.trustpilot.com/review/www.evri.com","evaluateUrl":"https://uk.trustpilot.com/evaluate/www.evri.com","evaluateEmbedUrl":"https://uk.trustpilot.com/evaluate/embed/www.evri.com","consumerWebPageUrl":null},"starsString":"Great","translations":{"main":"<strong>[NOREVIEWS]</strong> reviews <span>on</span>","firstreviewer":"Be the first to review us on"},"settings":{"customStylesAllowed":true,"syndicationEnabled":false}}