{"refs":[{"id":"master","ref":"ZKPcZxAAAOS8S6dd","label":"Master","isMasterRef":true}],"bookmarks":{"Test":""},"experiments":{"draft":[],"running":[]},"types":{"global-menu":"global-menu","sub_pag":"Sub Page","menu-item":"menu-item","safe-places":"safe-places","diversion-options":"diversion-options","slice-test":"slice-test","blog-2":"blog-2","footer":"Footer","MainFooter":"MainFooter","SubFooter":"SubFooter","footer-sub-group":"Footer Sub Group","menu":"Menu","link-group":"Link Group","subpath1":"subpath1","subpath2":"subpath2","section":"S","category":"subPath2","MainFooterMobile":"Main Footer Mobile","faq-home":"FAQ Home","faq-category":"FAQ Category","blogHome":"Blog Home","modal-page":"Modal Page","pressHome":"Press Home","press_home":"Press Home","faq-page":"FAQ Page","news-filter":"News Filter","menu-sub-menu":"Link Group","homepage-promo":"Homepage Promo","home":"home","ncp":"ncp","info-banner-item":"InfoBannerItem","comparison_card":"Comparison Card","simpleModal":"Simple modal","landing-page":"Landing page","content-page":"Content Page","sendEntryFooterLinks":"Link List","feature_switch":"Feature switch","press":"Press","blog":"blog","info-banner":"InfoBanner","page":"Page","track_variables":"Track variables","form":"form"},"languages":[{"id":"en-gb","name":"English - United Kingdom"}],"forms":{"everything":{"method":"GET","enctype":"application/x-www-form-urlencoded","action":"https://ev-mercury.cdn.prismic.io/api/v2/documents/search","fields":{"ref":{"type":"String","multiple":false},"q":{"type":"String","multiple":true},"lang":{"type":"String","multiple":false},"page":{"type":"Integer","multiple":false,"default":"1"},"pageSize":{"type":"Integer","multiple":false,"default":"20"},"after":{"type":"String","multiple":false},"fetch":{"type":"String","multiple":false},"fetchLinks":{"type":"String","multiple":false},"graphQuery":{"multiple":false,"type":"String"},"orderings":{"type":"String","multiple":false},"referer":{"type":"String","multiple":false},"routes":{"default":"[{\"type\":\"content-page\",\"path\":\"/:subpath1?/:subpath2?/:uid\",\"resolvers\":{\"subpath1\":\"subpath1\",\"subpath2\":\"subpath2\"}},{\"type\":\"faq-page\",\"path\":\"/faqs/:subpath2?/:uid\",\"resolvers\":{\"subpath2\":\"subpath2\"}}]","type":"String","multiple":false},"access_token":{"type":"String","multiple":false},"integrationFieldsRef":{"type":"String","multiple":false}}},"menu-items":{"method":"GET","enctype":"application/x-www-form-urlencoded","action":"https://ev-mercury.cdn.prismic.io/api/v2/documents/search","fields":{"ref":{"type":"String","multiple":false},"q":{"type":"String","multiple":true,"default":"[[:d = at(document.tags, [\"Menu Item Group\"])]]"},"lang":{"type":"String","multiple":false},"page":{"type":"Integer","multiple":false,"default":"1"},"pageSize":{"type":"Integer","multiple":false,"default":"20"},"after":{"type":"String","multiple":false},"fetch":{"type":"String","multiple":false},"fetchLinks":{"type":"String","multiple":false},"graphQuery":{"multiple":false,"type":"String"},"orderings":{"type":"String","multiple":false},"referer":{"type":"String","multiple":false},"routes":{"default":"[{\"type\":\"content-page\",\"path\":\"/:subpath1?/:subpath2?/:uid\",\"resolvers\":{\"subpath1\":\"subpath1\",\"subpath2\":\"subpath2\"}},{\"type\":\"faq-page\",\"path\":\"/faqs/:subpath2?/:uid\",\"resolvers\":{\"subpath2\":\"subpath2\"}}]","type":"String","multiple":false},"access_token":{"type":"String","multiple":false},"integrationFieldsRef":{"type":"String","multiple":false}}},"tags":{"method":"GET","enctype":"application/x-www-form-urlencoded","action":"https://ev-mercury.cdn.prismic.io/api/tags","fields":{"access_token":{"type":"String","multiple":false}}}},"oauth_initiate":"https://ev-mercury.prismic.io/auth","oauth_token":"https://ev-mercury.prismic.io/auth/token","tags":[],"license":"All Rights Reserved","version":"482083b"}