{"data":[{"rewriteService":"aggr2","service":"auth","path":"/v4/user/login","rewritePath":"/v4/user/login","platform":"web,ios,android,api,ios_web,android_web","validType":"none","bizId":"CMC_login"},{"rewriteService":"aggr2","service":"auth","path":"/v4/user/signUp","rewritePath":"/v4/user/signUp","platform":"web,ios,android,api,ios_web,android_web","validType":"bn","bizId":"CMC_register"},{"service":"auth","path":"/v4/user/login/forgot","platform":"web,api","validType":"bn","bizId":"CMC_forget_password"},{"service":"data-api","path":"/v3/airdrop/join","platform":"web,ios,android,ios_web,android_web,api","validType":"bn","bizId":"CMC_airdrop_join"},{"service":"asset","path":"/v3/loyalty/check-in/","platform":"web,ios_web,android_web,ios,android,api","validType":"bn","bizId":"CMC_check_in"},{"service":"asset","path":"/task/daily/collect","platform":"web,ios_web,android_web,ios,android,api","validType":"bn","bizId":"CMC_daily_collect"},{"service":"shop","path":"/v3/order/create-order","platform":"web,ios_web,android_web,ios,android,api","validType":"bn","bizId":"CMC_diamond_redemption"},{"rewriteService":"aggr2","service":"auth","path":"/v4/wallet/nonce","platform":"web,ios_web,android_web,ios,android,api","validType":"bn","bizId":"CMC_third_party_Login"},{"service":"asset","path":"/v3/loyalty/check-in","platform":"web,ios_web,android_web,ios,android,api","validType":"bn","bizId":"CMC_check_in"}],"status":{"timestamp":"2023-07-06T10:24:55.150Z","error_code":"0","error_message":"SUCCESS","elapsed":"0","credit_count":0}}