{"data":{"site":{"siteMetadata":{"socialButtonList":[{"lang":"en-US","facebook":{"href":"https://www.facebook.com/Jimdo","label":"Visit Jimdo´s Facebook page"},"twitter":{"href":"https://twitter.com/jimdo","label":"Visit Jimdo´s Twitter page"},"youTube":{"href":"https://www.youtube.com/user/jimdo","label":"Visit Jimdo´s YouTube page"},"instagram":{"href":"https://www.instagram.com/jimdo_global/","label":"Visit Jimdo´s Instagram page"},"pinterest":{"href":"https://www.pinterest.de/JimdoEN/","label":"Visit Jimdo´s Pinterest page"}},{"lang":"de-DE","facebook":{"href":"https://www.facebook.com/Jimdo.de","label":"Besuche Jimdo´s Facebook-Seite"},"twitter":{"href":"https://twitter.com/jimdo_de","label":"Besuche Jimdo´s Twitter-Seite"},"youTube":{"href":"https://www.youtube.com/jimdode","label":"Besuche Jimdo´s YouTube-Seite"},"instagram":{"href":"https://www.instagram.com/jimdo_de/","label":"Besuche Jimdo´s Instagram-Seite"},"pinterest":{"href":"https://www.pinterest.de/JimdoWebsites/","label":"Besuche Jimdo´s Pinterest-Seite"}},{"lang":"es-ES","facebook":{"href":"https://www.facebook.com/Jimdo.Espanol","label":"Visita nuestro perfil de Facebook"},"twitter":null,"youTube":{"href":"https://www.youtube.com/user/jimdoes","label":"Visita nuestro perfil de YouTube"},"instagram":{"href":"https://www.instagram.com/jimdo_global/","label":"Visita nuestro perfil de Instagram"},"pinterest":{"href":"https://www.pinterest.de/JimdoEN/","label":"Visita nuestro perfil de Pinterest"}},{"lang":"fr-FR","facebook":{"href":"https://www.facebook.com/Jimdo.France","label":"Visiter la page Facebook de Jimdo"},"twitter":null,"youTube":{"href":"https://www.youtube.com/jimdofr","label":"Visiter la page YouTube de Jimdo"},"instagram":{"href":"https://www.instagram.com/jimdo_global/","label":"Visiter la page Instagram de Jimdo"},"pinterest":{"href":"https://www.pinterest.de/JimdoEN/","label":"Visiter la page Pinterest de Jimdo"}},{"lang":"nl-NL","facebook":{"href":"https://www.facebook.com/Jimdo.Nederland","label":"Bezoek Jimdo´s Facebook pagina"},"twitter":{"href":"https://twitter.com/jimdo_nl","label":"Bezoek Jimdo´s Twitter pagina"},"youTube":{"href":"https://www.youtube.com/user/jimdonl","label":"Bezoek Jimdo´s YouTube pagina"},"instagram":{"href":"https://www.instagram.com/jimdo_global/","label":"Bezoek Jimdo´s Instagram pagina"},"pinterest":{"href":"https://www.pinterest.de/JimdoEN/","label":"Bezoek Jimdo´s Pinterest pagina"}},{"lang":"ja-JP","facebook":{"href":"https://www.facebook.com/JimdoJapan","label":"Facebook Jimdo Japan"},"twitter":{"href":"https://twitter.com/JimdoJapan","label":"Twitter Jimdo Japan"},"youTube":{"href":"https://www.youtube.com/user/jimdojp","label":"Youtube Jimdo Japan"},"instagram":{"href":"https://www.instagram.com/jimdo_global/","label":"Instagram Jimdo Japan"},"pinterest":{"href":"https://www.pinterest.de/JimdoEN/","label":"Pinterest Jimdo Japan"}},{"lang":"it-IT","facebook":{"href":"https://www.facebook.com/Jimdo.Italia","label":"Visita la pagina Facebook di jimdo"},"twitter":null,"youTube":{"href":"https://www.youtube.com/user/JimdoItalia","label":"Visita la pagina YouTube di jimdo"},"instagram":{"href":"https://www.instagram.com/jimdo_global/","label":"Visita la pagina Instagram di jimdo"},"pinterest":{"href":"https://www.pinterest.de/JimdoEN/","label":"Visita la pagina Pinterest di jimdo"}}],"footer":[{"lang":"en-US","homeLink":"/","footerLinks":[{"headerText":"Products","childs":[{"label":"Website","href":"/website/how-to-create/","experiment":null,"withReferrerQueryParam":null,"openInNewTab":null},{"label":"Online Store","href":"/website/online-store/","experiment":null,"withReferrerQueryParam":null,"openInNewTab":null},{"label":"Domain","href":"/website/domain/","experiment":null,"withReferrerQueryParam":null,"openInNewTab":null},{"label":"Logo","href":"/website/logo-creator/","experiment":null,"withReferrerQueryParam":null,"openInNewTab":null}]},{"headerText":"About us","childs":[{"label":"About Jimdo","href":"/about-jimdo/","experiment":null,"withReferrerQueryParam":null,"openInNewTab":null},{"label":"Jobs","href":"https://careers.jimdo.com/","experiment":null,"withReferrerQueryParam":null,"openInNewTab":null},{"label":"Affiliates","href":"/affiliates/","experiment":null,"withReferrerQueryParam":null,"openInNewTab":null}]},{"headerText":"Service","childs":[{"label":"Jimdo Blog","href":"/blog/","experiment":null,"withReferrerQueryParam":null,"openInNewTab":true},{"label":"Inspiration","href":"/examples/","experiment":null,"withReferrerQueryParam":null,"openInNewTab":null},{"label":"Help Center","href":"https://help.jimdo-dolphin.com/hc/en-us","experiment":null,"withReferrerQueryParam":null,"openInNewTab":true},{"label":"Contact Support","href":"https://help.jimdo-dolphin.com/hc/en-us/articles/360000911966-How-do-I-contact-support-","experiment":null,"withReferrerQueryParam":null,"openInNewTab":true}]}],"legalLinks":[{"label":"Legal notice","href":"/info/legal-notice/"},{"label":"Terms of Service","href":"/info/terms-of-service/"},{"label":"Privacy Policy","href":"/info/privacy/"}],"consentManagementButton":{"label":"Cookie Settings"}},{"lang":"de-DE","homeLink":"/de/","footerLinks":[{"headerText":"Produkte","childs":[{"label":"Website erstellen","href":"/de/website/wie-erstelle-ich-eine-homepage/","experiment":null,"withReferrerQueryParam":null,"openInNewTab":null},{"label":"Onlineshop erstellen","href":"/de/website/onlineshop-erstellen/","experiment":null,"withReferrerQueryParam":null,"openInNewTab":null},{"label":"Rechtstexte-Garantie","href":"/de/addon/legal-text-generator/","experiment":null,"withReferrerQueryParam":null,"openInNewTab":null},{"label":"Domain sichern","href":"/de/website/domain/","experiment":null,"withReferrerQueryParam":null,"openInNewTab":null},{"label":"Logo erstellen","href":"/de/website/logo-creator/","experiment":null,"withReferrerQueryParam":null,"openInNewTab":null}]},{"headerText":"Über uns","childs":[{"label":"Unternehmen","href":"/de/ueber-jimdo/","experiment":null,"withReferrerQueryParam":null,"openInNewTab":null},{"label":"Jobs","href":"https://careers.jimdo.com/","experiment":null,"withReferrerQueryParam":null,"openInNewTab":null},{"label":"Presse","href":"https://presse.jimdo.com/","experiment":null,"withReferrerQueryParam":null,"openInNewTab":null},{"label":"Forschung","href":"https://forschungswerkstatt.jimdo.com/","experiment":null,"withReferrerQueryParam":null,"openInNewTab":true},{"label":"Affiliates","href":"/de/affiliates/","experiment":null,"withReferrerQueryParam":null,"openInNewTab":null}]},{"headerText":"Service","childs":[{"label":"Jimdo Blog","href":"/de/magazin/","experiment":null,"withReferrerQueryParam":null,"openInNewTab":true},{"label":"Selbstständigen Round Tables","href":"https://jimdo-founders-community.jimdosite.com/","experiment":null,"withReferrerQueryParam":null,"openInNewTab":null},{"label":"Inspiration","href":"/de/beispiele/","experiment":null,"withReferrerQueryParam":null,"openInNewTab":null},{"label":"Hilfe-Center","href":"https://help.jimdo-dolphin.com/hc/de","experiment":null,"withReferrerQueryParam":null,"openInNewTab":true},{"label":"Vertrag hier kündigen","href":"/de/jetzt-kuendigen/","experiment":true,"withReferrerQueryParam":true,"openInNewTab":null}]}],"legalLinks":[{"label":"Impressum","href":"/de/info/impressum/"},{"label":"AGB","href":"/de/info/agb/"},{"label":"Datenschutz","href":"/de/info/datenschutzerklaerung/"}],"consentManagementButton":{"label":"Cookie-Einstellungen"}},{"lang":"nl-NL","homeLink":"/nl/","footerLinks":[{"headerText":"Producten","childs":[{"label":"Website","href":"/nl/website/hoe-maak-ik-een-website/","experiment":null,"withReferrerQueryParam":null,"openInNewTab":null},{"label":"Webshop","href":"/nl/website/webshop/","experiment":null,"withReferrerQueryParam":null,"openInNewTab":null},{"label":"Domein","href":"/nl/website/domein/","experiment":null,"withReferrerQueryParam":null,"openInNewTab":null},{"label":"Logo Creator","href":"/nl/website/logo-creator/","experiment":null,"withReferrerQueryParam":null,"openInNewTab":null}]},{"headerText":"Over ons","childs":[{"label":"Over Jimdo","href":"/nl/over-jimdo/","experiment":null,"withReferrerQueryParam":null,"openInNewTab":null},{"label":"Vacatures","href":"https://careers.jimdo.com/","experiment":null,"withReferrerQueryParam":null,"openInNewTab":null},{"label":"Partner","href":"/nl/partner/","experiment":null,"withReferrerQueryParam":null,"openInNewTab":null}]},{"headerText":"Service","childs":[{"label":"Jimdo Blog","href":"/nl/blog/","experiment":null,"withReferrerQueryParam":null,"openInNewTab":true},{"label":"Inspiratie","href":"/nl/voorbeelden/","experiment":null,"withReferrerQueryParam":null,"openInNewTab":null},{"label":"Help Center","href":"https://help.jimdo-dolphin.com/hc/nl","experiment":null,"withReferrerQueryParam":null,"openInNewTab":true},{"label":"Contact met support","href":"https://help.jimdo-dolphin.com/hc/nl/articles/360000911966-Hoe-neem-ik-contact-op-met-de-support-","experiment":null,"withReferrerQueryParam":null,"openInNewTab":true}]}],"legalLinks":[{"label":"Impressum","href":"/nl/info/impressum/"},{"label":"Algemene Voorwaarden","href":"/nl/info/algemene-voorwaarden/"},{"label":"Privacy","href":"/nl/info/privacy/"}],"consentManagementButton":{"label":"Cookie instellingen"}},{"lang":"es-ES","homeLink":"/es/","footerLinks":[{"headerText":"Productos","childs":[{"label":"Página web","href":"/es/pagina-web/como-hacer/","experiment":null,"withReferrerQueryParam":null,"openInNewTab":null},{"label":"Tienda online","href":"/es/pagina-web/tienda-online/","experiment":null,"withReferrerQueryParam":null,"openInNewTab":null},{"label":"Dominio personalizado","href":"/es/pagina-web/dominio/","experiment":null,"withReferrerQueryParam":null,"openInNewTab":null},{"label":"Logo","href":"/es/pagina-web/logo-creator/","experiment":null,"withReferrerQueryParam":null,"openInNewTab":null}]},{"headerText":"Nosotros","childs":[{"label":"Empresa","href":"/es/nosotros/","experiment":null,"withReferrerQueryParam":null,"openInNewTab":null},{"label":"Jobs","href":"https://careers.jimdo.com/","experiment":null,"withReferrerQueryParam":null,"openInNewTab":null},{"label":"Afiliacion","href":"/es/afiliacion/","experiment":null,"withReferrerQueryParam":null,"openInNewTab":null}]},{"headerText":"Servicio","childs":[{"label":"Blog","href":"/es/blog/","experiment":null,"withReferrerQueryParam":null,"openInNewTab":true},{"label":"Inspiración","href":"/es/inspiracion/","experiment":null,"withReferrerQueryParam":null,"openInNewTab":null},{"label":"Centro de ayuda","href":"https://help.jimdo-dolphin.com/hc/es/","experiment":null,"withReferrerQueryParam":null,"openInNewTab":true},{"label":"Contacta con el soporte","href":"https://help.jimdo-dolphin.com/hc/es/articles/360000911966--C%C3%B3mo-contacto-con-el-soporte-","experiment":null,"withReferrerQueryParam":null,"openInNewTab":true}]}],"legalLinks":[{"label":"Aviso legal","href":"/es/info/about/"},{"label":"Condiciones de uso","href":"/es/info/condiciones-generales/"},{"label":"Política de privacidad ","href":"/es/info/politica-de-privacidad/"}],"consentManagementButton":{"label":"Configuración de cookies"}},{"lang":"it-IT","homeLink":"/it/","footerLinks":[{"headerText":"Prodotti","childs":[{"label":"Sito web","href":"/it/sito-web/come-creare-un-sito-web/","experiment":null,"withReferrerQueryParam":null,"openInNewTab":null},{"label":"Shop","href":"/it/sito-web/sito-e-commerce/","experiment":null,"withReferrerQueryParam":null,"openInNewTab":null},{"label":"Dominio","href":"/it/sito-web/dominio/","experiment":null,"withReferrerQueryParam":null,"openInNewTab":null},{"label":"Logo","href":"/it/sito-web/logo-creator/","experiment":null,"withReferrerQueryParam":null,"openInNewTab":null}]},{"headerText":"Impresa","childs":[{"label":"Su Jimdo","href":"/it/about-us/","experiment":null,"withReferrerQueryParam":null,"openInNewTab":null},{"label":"Lavora con noi","href":"https://careers.jimdo.com/","experiment":null,"withReferrerQueryParam":null,"openInNewTab":null},{"label":"Partner","href":"/it/partner/","experiment":null,"withReferrerQueryParam":null,"openInNewTab":null}]},{"headerText":"Assistenza","childs":[{"label":"Blog","href":"/it/blog/","experiment":null,"withReferrerQueryParam":null,"openInNewTab":true},{"label":"Galleria","href":"/it/gallery/","experiment":null,"withReferrerQueryParam":null,"openInNewTab":null},{"label":"Supporto online","href":"https://help.jimdo-dolphin.com/hc/it/","experiment":null,"withReferrerQueryParam":null,"openInNewTab":true},{"label":"Contatta il supporto","href":"https://help.jimdo-dolphin.com/hc/it/articles/360000911966-Come-contatto-il-supporto-","experiment":null,"withReferrerQueryParam":null,"openInNewTab":true}]}],"legalLinks":[{"label":"Informazioni legali ","href":"/it/info/about/"},{"label":"Termini e condizioni generali","href":"/it/info/condizioni-generali/"},{"label":"Dichiarazione privacy","href":"/it/info/regolamento-sulla-privacy/"}],"consentManagementButton":{"label":"Impostazioni dei cookie"}},{"lang":"fr-FR","homeLink":"/fr/","footerLinks":[{"headerText":"Produits","childs":[{"label":"Site","href":"/fr/site-internet/creer-son-site/","experiment":null,"withReferrerQueryParam":null,"openInNewTab":null},{"label":"E-boutique","href":"/fr/site-internet/vente-en-ligne/","experiment":null,"withReferrerQueryParam":null,"openInNewTab":null},{"label":"Domaine personnalisé","href":"/fr/site-internet/nom-de-domaine/","experiment":null,"withReferrerQueryParam":null,"openInNewTab":null},{"label":"Logo","href":"/fr/site-internet/logo-creator/","experiment":null,"withReferrerQueryParam":null,"openInNewTab":null}]},{"headerText":"À Propos","childs":[{"label":"Notre histoire","href":"/fr/a-propos/","experiment":null,"withReferrerQueryParam":null,"openInNewTab":null},{"label":"Emplois","href":"https://careers.jimdo.com/","experiment":null,"withReferrerQueryParam":null,"openInNewTab":null},{"label":"Partenariats","href":"/fr/partenariats/","experiment":null,"withReferrerQueryParam":null,"openInNewTab":null}]},{"headerText":"Aide","childs":[{"label":"Jimdo Blog","href":"/fr/blog/","experiment":null,"withReferrerQueryParam":null,"openInNewTab":true},{"label":"Exemples","href":"/fr/exemples/","experiment":null,"withReferrerQueryParam":null,"openInNewTab":null},{"label":"Centre d'aide","href":"https://help.jimdo-dolphin.com/hc/fr/","experiment":null,"withReferrerQueryParam":null,"openInNewTab":true},{"label":"Contacter le support","href":"https://help.jimdo-dolphin.com/hc/fr/articles/360000911966-Comment-contacter-le-support-","experiment":null,"withReferrerQueryParam":null,"openInNewTab":true},{"label":"Résilier votre contrat","href":"/fr/resiliation/","experiment":true,"withReferrerQueryParam":true,"openInNewTab":null}]}],"legalLinks":[{"label":"Mentions légales ","href":"/fr/info/mentions-legales/"},{"label":"Politique de confidentialité ","href":"/fr/info/politique-de-confidentialite/"},{"label":"Conditions d’utilisation ","href":"/fr/info/conditions-d-utilisation/"}],"consentManagementButton":{"label":"Paramètres des cookies"}},{"lang":"ja-JP","homeLink":"/jp/","footerLinks":[{"headerText":"サービス","childs":[{"label":"AI ビルダーについて","href":"/jp/ai-builder/","experiment":null,"withReferrerQueryParam":null,"openInNewTab":null},{"label":"クリエイターについて","href":"/jp/creator/","experiment":null,"withReferrerQueryParam":null,"openInNewTab":null},{"label":"独自ドメインで始める","href":"/jp/domains/","experiment":null,"withReferrerQueryParam":null,"openInNewTab":null},{"label":"機能一覧","href":"/jp/website/function/","experiment":null,"withReferrerQueryParam":null,"openInNewTab":null}]},{"headerText":"私たちについて","childs":[{"label":"お知らせ","href":"/jp/news/","experiment":null,"withReferrerQueryParam":null,"openInNewTab":null},{"label":"ジンドゥーについて","href":"/jp/about-jimdo/","experiment":null,"withReferrerQueryParam":null,"openInNewTab":null},{"label":"メディア用情報と素材","href":"/jp/press-kit/","experiment":null,"withReferrerQueryParam":null,"openInNewTab":null}]},{"headerText":"その他","childs":[{"label":"ジンドゥーブログ","href":"/jp/blog/?tag=ジンドゥーブログ","experiment":null,"withReferrerQueryParam":null,"openInNewTab":null},{"label":"ユーザー事例","href":"/jp/examples/","experiment":null,"withReferrerQueryParam":null,"openInNewTab":null},{"label":"ジンドゥーハウツー","href":"https://portal-jp.jimdo.com/","experiment":null,"withReferrerQueryParam":null,"openInNewTab":null},{"label":"JimdoCafe","href":"https://portal-jp.jimdo.com/get-helped/jimdocafe/","experiment":null,"withReferrerQueryParam":null,"openInNewTab":null},{"label":"アフィリエイト","href":"https://portal-jp.jimdo.com/improve/program/affiliate/","experiment":null,"withReferrerQueryParam":null,"openInNewTab":null},{"label":"レンタルサーバーCPI","href":"https://www.cpi.ad.jp/","experiment":null,"withReferrerQueryParam":null,"openInNewTab":null}]},{"headerText":"サポート","childs":[{"label":"AI ビルダーサポート","href":"https://help.jimdo-dolphin.com/hc/ja/","experiment":null,"withReferrerQueryParam":null,"openInNewTab":null},{"label":"クリエイターサポート","href":"https://help.jimdo.com/hc/ja/","experiment":null,"withReferrerQueryParam":null,"openInNewTab":null},{"label":"メンテナンス・障害情報","href":"/jp/news/メンテナンス-障害情報/","experiment":null,"withReferrerQueryParam":null,"openInNewTab":null},{"label":"サーバー状態の確認","href":"/jp/サーバー状態の確認について/","experiment":null,"withReferrerQueryParam":null,"openInNewTab":null},{"label":"お問い合わせ・導入相談","href":"/jp/support/","experiment":null,"withReferrerQueryParam":null,"openInNewTab":null}]}],"legalLinks":[{"label":"利用規約","href":"/jp/info/term-of-use/"},{"label":"特定商取引法に基づく表記","href":"/jp/info/%E7%89%B9%E5%AE%9A%E5%95%86%E5%8F%96%E5%BC%95%E6%B3%95%E3%81%AB%E5%9F%BA%E3%81%A5%E3%81%8F%E8%A1%A8%E8%A8%98/"},{"label":"プライバシーポリシー","href":"http://www.kddi-webcommunications.co.jp/other/privacy.html"},{"label":"情報セキュリティー基本方針","href":"http://www.kddi-webcommunications.co.jp/other/security.html"}],"consentManagementButton":null}]}}}}