{"data":{"site":{"siteMetadata":{"lightboxedCtas":[{"lang":"de-DE","buttonsTitle":"Melde dich kostenlos an.","buttonLabelApple":"Mit Apple anmelden","buttonHrefApple":"https://account.e.jimdo.com/de/signup/apple","buttonLabelEmail":"Mit E-Mail anmelden","buttonHrefEmail":"https://account.e.jimdo.com/de/signup/email","buttonLabelFacebook":"Mit Facebook anmelden","buttonHrefFacebook":"https://account.e.jimdo.com/de/signup/facebook","buttonLabelGoogle":"Mit Google anmelden","buttonHrefGoogle":"https://account.e.jimdo.com/de/signup/google","loginHref":"https://account.e.jimdo.com/de/login","loginLabel":"Hier Einloggen","loginText":"Du hast bereits ein Jimdo-Konto?","listItems":[{"text":"All deine Jimdo-Produkte an einem Ort"},{"text":"Bilder-Datenbank mit lizenzfreien Fotos"},{"text":"Tipps & Tricks rund um dein Business"},{"text":"Hilfe von unserem freundlichen Support-Team"}],"text":"Verwalte deine Website mit einem kostenlosen Jimdo-Konto und erhalte Zugang zu diesen praktischen Features:","title":"Dein eigenes\nJimdo-Konto"},{"lang":"en-US","buttonsTitle":"Sign up for free.","buttonLabelApple":"Sign up with Apple","buttonHrefApple":"https://account.e.jimdo.com/signup/apple","buttonLabelEmail":"Sign up with your email","buttonHrefEmail":"https://account.e.jimdo.com/signup/email","buttonLabelFacebook":"Sign up with Facebook","buttonHrefFacebook":"https://account.e.jimdo.com/signup/facebook","buttonLabelGoogle":"Sign up with Google","buttonHrefGoogle":"https://account.e.jimdo.com/signup/google","loginHref":"https://account.e.jimdo.com/login","loginLabel":"Log in","loginText":"Already have an account?","listItems":[{"text":"Your website, store, & logo in one place"},{"text":"Image Library of copyright-free photos"},{"text":"Digital tips & advice for your business"},{"text":"Help from our friendly support team"}],"text":"Start with your free account today, and you’ll get access to:","title":"Create your\nJimdo account"},{"lang":"nl-NL","buttonsTitle":"Registreer je gratis","buttonLabelApple":"Registreren met Apple","buttonHrefApple":"https://account.e.jimdo.com/nl/signup/apple","buttonLabelEmail":"Registreren met email","buttonHrefEmail":"https://account.e.jimdo.com/nl/signup/email","buttonLabelFacebook":"Registreren met Facebook","buttonHrefFacebook":"https://account.e.jimdo.com/nl/signup/facebook","buttonLabelGoogle":"Registreren met Google","buttonHrefGoogle":"https://account.e.jimdo.com/nl/signup/google","loginHref":"https://account.e.jimdo.com/nl/login","loginLabel":"Dan kun je hier inloggen","loginText":"Heb je al een account?","listItems":[{"text":"Je website, webshop en logo, allemaal op één plek"},{"text":"Afbeeldingenbibliotheek met rechtenvrije foto’s"},{"text":"Digitale tips & advies voor je bedrijf"},{"text":"Hulp van ons vriendelijke support team"}],"text":"Begin vandaag nog met een gratis account en krijg toegang tot:","title":"Maak je eigen\nJimdo-account"},{"lang":"fr-FR","buttonsTitle":"Inscrivez-vous gratuitement.","buttonLabelApple":"S’inscrire avec Apple","buttonHrefApple":"https://account.e.jimdo.com/fr/signup/apple","buttonLabelEmail":"S’inscrire avec votre adresse e-mail","buttonHrefEmail":"https://account.e.jimdo.com/fr/signup/email","buttonLabelFacebook":"S’inscrire avec Facebook","buttonHrefFacebook":"https://account.e.jimdo.com/fr/signup/facebook","buttonLabelGoogle":"S’inscrire avec Google","buttonHrefGoogle":"https://account.e.jimdo.com/fr/signup/google","loginHref":"https://account.e.jimdo.com/fr/login","loginLabel":"Connectez-vous","loginText":"Vous avez déjà un compte ?","listItems":[{"text":"Votre site, votre e-boutique et votre logo au même endroit"},{"text":"Une galerie d’images libres de droit"},{"text":"Des conseils et astuces pour votre entreprise"},{"text":"Un support efficace et professionnel"}],"text":"Créez un compte Jimdo gratuitement pour bénéficier des avantages suivants :","title":"Votre compte Jimdo"},{"lang":"es-ES","buttonsTitle":"Regístrate gratis.","buttonLabelApple":"Regístrate con Apple","buttonHrefApple":"https://account.e.jimdo.com/es/signup/apple","buttonLabelEmail":"Regístrate con tu email","buttonHrefEmail":"https://account.e.jimdo.com/es/signup/email","buttonLabelFacebook":"Regístrate con Facebook","buttonHrefFacebook":"https://account.e.jimdo.com/es/signup/facebook","buttonLabelGoogle":"Regístrate con Google","buttonHrefGoogle":"https://account.e.jimdo.com/es/signup/google","loginHref":"https://account.e.jimdo.com/es/login","loginLabel":"Inicia sesión","loginText":"¿Ya tienes una cuenta Jimdo?","listItems":[{"text":"Tu página web, tu tienda online y tu logo en un mismo lugar"},{"text":"Una galería repleta de imágenes libres de derechos"},{"text":"Consejos prácticos sobre cómo gestionar tu negocio"},{"text":"Atención al cliente personalizada de nuestro equipo"}],"text":"Registra tu cuenta gratis hoy mismo y podrás disfrutar de:","title":"Crea tu cuenta\nde Jimdo"},{"lang":"it-IT","buttonsTitle":"Registrati gratis.","buttonLabelApple":"Registrati con Apple","buttonHrefApple":"https://account.e.jimdo.com/it/signup/apple","buttonLabelEmail":"Registrati con la tua emaill","buttonHrefEmail":"https://account.e.jimdo.com/it/signup/email","buttonLabelFacebook":"Registrati con Facebook","buttonHrefFacebook":"https://account.e.jimdo.com/it/signup/facebook","buttonLabelGoogle":"Registrati con Google","buttonHrefGoogle":"https://account.e.jimdo.com/it/signup/google","loginHref":"https://account.e.jimdo.com/it/login","loginLabel":"Accedi qui","loginText":"Hai già un account Jimdo?","listItems":[{"text":"Gestire da un unico punto il tuo sito, shop e logo"},{"text":"Accedere a un’ampia galleria di immagini gratuite"},{"text":"Leggere consigli su come gestire la tua attività"},{"text":"Ricevere supporto dal nostro team"}],"text":"Registra gratuitamente il tuo account Jimdo e avrai la possibilità di:","title":"Il tuo account\nJimdo"}]}}}}