{"data":{"site":{"siteMetadata":{"header":[{"lang":"en-US","homeLink":"/","logOut":{"label":"Log Out","link":"https://dash.e.jimdo.com/logout"},"website":null,"onlineshop":null,"businessTools":null,"blog":{"label":"Blog","sections":null,"link":"/blog/"},"dashboard":{"label":"Dashboard","link":"https://dash.e.jimdo.com/"},"logIn":{"label":"Log In","link":"https://account.e.jimdo.com/en/login/"},"signUp":{"label":"Sign Up","link":"https://account.e.jimdo.com/en/signup/"},"avatar":{"altProfile":"profile picture","altFallback":"No profile picture available - Jimdo logo"},"products":{"label":"Products","dropdownItems":[{"title":"Website","desc":"Start your professional website in minutes","path":"/website/how-to-create/"},{"title":"Online Store","desc":"Start selling online with your own store","path":"/website/online-store/"},{"title":"Domain","desc":"Get your personalized domain for $0 in the first year","path":"/website/domain/"},{"title":"Logo","desc":"Create your own customized logo","path":"/website/logo-creator/"},{"title":"Facebook & Instagram","desc":"Promote your business on Facebook and Instagram","path":"/addon/sell-facebook-instagram/"}]},"inspiration":{"label":"Inspiration","link":"/examples/"},"pricing":{"label":"Pricing","link":"/pricing/website/"},"features":{"label":"Features","link":"/premium/website/"},"productAgency":null,"help":{"label":"Help","sections":null,"dropdownHeading":"How can we help you?","dropdownItems":[{"title":"Help Center","desc":"Find answers to your questions","path":"https://help.jimdo-dolphin.com/hc/en-us"},{"title":"Contact Support","desc":"Our support team is here for you","path":"https://help.jimdo-dolphin.com/hc/en-us/articles/360000911966-How-do-I-contact-support-"}]}},{"lang":"de-DE","homeLink":"/de/","logOut":{"label":"Logout","link":"https://dash.e.jimdo.com/logout"},"website":{"label":"Website","sections":[{"header":"UNSER WEBSITE-BAUKASTEN","secondary":null,"items":[{"trackingId":"topnav_website_create-website","label":"Website erstellen","subline":null,"href":"/de/website/wie-erstelle-ich-eine-homepage/"},{"trackingId":"topnav_website_pricing","label":"Preise und Pakete","subline":null,"href":"/de/preise/website/"},{"trackingId":"topnav_website_inspiration","label":"Website-Beispiele","subline":null,"href":"/de/beispiele/"},{"trackingId":"topnav_website_domain","label":"Eigene Domain","subline":null,"href":"/de/website/domain/"}]},{"header":"HILFREICHE TOOLS FÜR DEINE WEBSITE","secondary":null,"items":[{"trackingId":"topnav_website_legal-text-generator","label":"Abmahnsichere Rechtstexte","subline":"Für Datenschutzerklärung & Co.","href":"/de/addon/legal-text-generator/"},{"trackingId":"topnav_website_business-listings","label":"Brancheneinträge","subline":"Für Google, Facebook & Co.","href":"/de/addon/business-listings/"},{"trackingId":"topnav_website_online-bookings","label":"Online-Buchungen","subline":"Direkt über deine Website","href":"/de/website/online-buchungen/"},{"trackingId":"topnav_website_social-media","label":"Social-Media-Anbindung","subline":"Wirb auf Facebook & Instagram","href":"/de/addon/verkaufen-facebook-instagram/"}]},{"header":"FÜR DEINE BRANCHE","secondary":true,"items":[{"trackingId":"topnav_website_online-portfolio","label":"Online-Portfolio","subline":null,"href":"/de/website/portfolio/"},{"trackingId":"topnav_website_restaurant","label":"Restaurant-Websites","subline":null,"href":"/de/website/gastronomie/"},{"trackingId":"topnav_website_coaching","label":"Coaches","subline":null,"href":"/de/website/coaching/"},{"trackingId":"topnav_website_music","label":"Musiker & Bands","subline":null,"href":"/de/website/musik/"},{"trackingId":"topnav_website_club","label":"Vereinshomepage","subline":null,"href":"/de/website/verein/"},{"trackingId":"topnav_website_real-estate","label":"Immobilienmakler","subline":null,"href":"/de/website/immobilienmakler/"},{"trackingId":"topnav_website_medical","label":"Ärzte & Praxen","subline":null,"href":"/de/website/arzt/"}]}]},"onlineshop":{"label":"Onlineshop","sections":[{"header":"UNSER ONLINESHOP-BAUKASTEN","items":[{"trackingId":"topnav_onlineshop_create-onlinestore","label":"Onlineshop erstellen","subline":null,"href":"/de/website/onlineshop-erstellen/"},{"trackingId":"topnav_onlineshop_pricing","label":"Preise und Pakete","subline":null,"href":"/de/preise/onlineshop/"},{"trackingId":"topnav_onlineshop_inspiration","label":"Onlineshop-Beispiele","subline":null,"href":"/de/beispiele/onlineshops/"},{"trackingId":"topnav_onlineshop_domain","label":"Eigene Domain","subline":null,"href":"/de/website/domain/"}]},{"header":"HILFREICHE TOOLS FÜR DEINEN SHOP","items":[{"trackingId":"topnav_onlineshop_legal-text-generator","label":"Abmahnsichere Rechtstexte","subline":"Für AGB, Datenschutzerklärung & Co.","href":"/de/addon/legal-text-generator/"},{"trackingId":"topnav_onlineshop_business-listings","label":"Brancheneinträge","subline":"Für Google, Facebook & Co.","href":"/de/addon/business-listings/"},{"trackingId":"topnav_onlineshop_social-media","label":"Social-Media-Anbindung","subline":"Verkaufe auf Facebook & Instagram","href":"/de/addon/verkaufen-facebook-instagram/"}]}]},"businessTools":{"label":"Business-Tools","sections":[{"header":"EIN LOGO FÜR DEIN BUSINESS","items":[{"trackingId":"topnav_business-tools_logo-creator","label":"Logo Generator","subline":"Erstelle kostenlos dein Logo","href":"/de/website/logo-creator/"},{"trackingId":"topnav_business-tools_logo-inspiration","label":"Logo-Beispiele","subline":"Lass dich inspirieren","href":"/de/logo-ideen/"}]},{"header":"MEHR NÜTZLICHE TOOLS","items":[{"trackingId":"topnav_business-tools_business-listings","label":"Brancheneinträge","subline":"Für Google, Facebook & Co.","href":"/de/addon/business-listings/"},{"trackingId":"topnav_business-tools_legal-text-generator","label":"Abmahnsichere Rechtstexte","subline":"Für Datenschutzerklärung & Co.","href":"/de/addon/legal-text-generator/"},{"trackingId":"topnav_business-tools_social-media","label":"Social-Media-Anbindung","subline":"Verkaufe auf Facebook & Instagram","href":"/de/addon/verkaufen-facebook-instagram/"},{"trackingId":"topnav_business-tools_qr-code","label":"QR-Code Generator","subline":"Erstelle deinen kostenlosen QR-Code","href":"/de/qr-code/"},{"trackingId":"topnav_business-tools_firmade","label":"Beratung für Gründer","subline":"Von unserem Partner firma.de","href":"/de/addon/gruenderpaket_firma_de/"}]}]},"blog":{"label":"Wissens-Guide","sections":[{"header":"Wissen, Tipps und Inspiration","items":[{"trackingId":"topnav_jimdoblog_main","label":"Alle Themen","subline":"Der Wissens-Guide im Überblick","href":"/de/magazin/"},{"trackingId":"topnav_jimdoblog_website-tips","label":"Website-Tipps","subline":"Mach das Beste aus deiner Website","href":"/de/magazin/webseiten-tipps/"},{"trackingId":"topnav_jimdoblog_business-tips","label":"Business-Wissen","subline":"Alles rund um deine Selbstständigkeit","href":"/de/magazin/business-wissen/"},{"trackingId":"topnav_jimdoblog_inspiration","label":"Erfolgsgeschichten","subline":"Inspirierende Storys von echten Jimdo Kunden","href":"/de/magazin/inspiration/"},{"trackingId":"topnav_jimdoblog_news","label":"Jimdo Updates","subline":"Was gibt’s Neues bei Jimdo?","href":"/de/magazin/news/"}]}],"link":null},"dashboard":{"label":"Dashboard","link":"https://dash.e.jimdo.com/"},"logIn":{"label":"Login","link":"https://account.e.jimdo.com/de/login/"},"signUp":{"label":"Neu Anmelden","link":"https://account.e.jimdo.com/de/signup/"},"avatar":{"altProfile":"Profilbild","altFallback":"Kein Profilbild verfügbar - Jimdo-Logo"},"products":null,"inspiration":null,"pricing":null,"features":null,"productAgency":null,"help":{"label":"Hilfe","sections":[{"header":"Wie können wir dir helfen?","items":[{"trackingId":"topnav_help_help-center","label":"Hilfe-Center","subline":"Finde Antworten auf deine Fragen","href":"https://help.jimdo-dolphin.com/hc/de","openInNewTab":true},{"trackingId":"topnav_help_support","label":"Über unser Support-Team","subline":"Erfahre, wie wir dir helfen können","href":"/de/support/","openInNewTab":false}]}],"dropdownHeading":null,"dropdownItems":null}},{"lang":"nl-NL","homeLink":"/nl/","logOut":{"label":"Uitloggen","link":"https://dash.e.jimdo.com/logout"},"website":null,"onlineshop":null,"businessTools":null,"blog":{"label":"Blog","sections":null,"link":"/nl/blog/"},"dashboard":{"label":"Dashboard","link":"https://dash.e.jimdo.com/"},"logIn":{"label":"Inloggen","link":"https://account.e.jimdo.com/nl/login/"},"signUp":{"label":"Aanmelden","link":"https://account.e.jimdo.com/nl/signup/"},"avatar":{"altProfile":"profielfoto","altFallback":"Geen profielfoto beschikbaar - Jimdo logo"},"products":{"label":"Producten","dropdownItems":[{"title":"Website","desc":"Publiceer je professionele website in een paar minuten","path":"/nl/website/hoe-maak-ik-een-website/"},{"title":"Webshop","desc":"Verkoop je eerste producten online met je eigen webshop","path":"/nl/website/webshop/"},{"title":"Domein","desc":"Krijg je eigen unieke domein het eerste jaar voor € 0","path":"/nl/website/domein/"},{"title":"Logo Creator","desc":"Maak je eigen unieke bedrijfslogo","path":"/nl/website/logo-creator/"},{"title":"Facebook & Instagram","desc":"Promoot je bedrijf op Facebook en Instagram","path":"/nl/addon/facebook-instagram/"}]},"inspiration":{"label":"Inspiratie","link":"/nl/voorbeelden/"},"pricing":{"label":"Prijzen","link":"/nl/prijzen/website/"},"features":null,"productAgency":null,"help":{"label":"Hulp","sections":null,"dropdownHeading":"Hoe kunnen we je helpen?","dropdownItems":[{"title":"Help Center","desc":"Vind antwoorden op je vragen","path":"https://help.jimdo-dolphin.com/hc/nl"},{"title":"Contact met support","desc":"Ons support team staat voor je klaar","path":"https://help.jimdo-dolphin.com/hc/nl/articles/360000911966-Hoe-neem-ik-contact-op-met-de-support-"}]}},{"lang":"es-ES","homeLink":"/es/","logOut":{"label":"Cerrar sesión","link":"https://dash.e.jimdo.com/logout"},"website":null,"onlineshop":null,"businessTools":null,"blog":{"label":"Blog","sections":null,"link":"/es/blog/"},"dashboard":{"label":"Panel de control","link":"https://dash.e.jimdo.com/"},"logIn":{"label":"Iniciar sesión","link":"https://account.e.jimdo.com/es/login/"},"signUp":{"label":"Registrarse","link":"https://account.e.jimdo.com/es/signup/"},"avatar":{"altProfile":"Imagen de perfil","altFallback":"Imagen de perfil no disponible - Jimdo logo"},"products":{"label":"Productos","dropdownItems":[{"title":"Página web","desc":"Tu página web profesional en tan solo unos minutos","path":"/es/pagina-web/como-hacer/"},{"title":"Tienda online","desc":"Empieza a vender hoy mismo con tu propia tienda online","path":"/es/pagina-web/tienda-online/"},{"title":"Dominio personalizado","desc":"Registra tu dominio personalizado gratis el primer año","path":"/es/pagina-web/dominio/"},{"title":"Logo","desc":"Comienza a diseñar un logo para tu negocio","path":"/es/pagina-web/logo-creator/"},{"title":"Facebook e Instagram","desc":"Vende y promociona tus productos en Facebook e Instagram","path":"/es/addon/vender-facebook-instagram/"}]},"inspiration":{"label":"Inspiración","link":"/es/inspiracion/"},"pricing":{"label":"Precios","link":"/es/precios/pagina-web/"},"features":null,"productAgency":null,"help":{"label":"Ayuda","sections":null,"dropdownHeading":"¿Cómo podemos ayudarte?","dropdownItems":[{"title":"Centro de ayuda","desc":"Encuentra las respuestas a tus preguntas","path":"https://help.jimdo-dolphin.com/hc/es"},{"title":"Contacta con el soporte","desc":"Te atendemos personalmente","path":"https://help.jimdo-dolphin.com/hc/es/articles/360000911966--C%C3%B3mo-contacto-con-el-soporte-"}]}},{"lang":"it-IT","homeLink":"/it/","logOut":{"label":"Esci","link":"https://dash.e.jimdo.com/logout"},"website":null,"onlineshop":null,"businessTools":null,"blog":{"label":"Blog","sections":null,"link":"/it/blog/"},"dashboard":{"label":"Dashboard","link":"https://dash.e.jimdo.com/"},"logIn":{"label":"Accedi","link":"https://account.e.jimdo.com/it/login/"},"signUp":{"label":"Registrati","link":"https://account.e.jimdo.com/it/signup/"},"avatar":{"altProfile":"Foto profilo","altFallback":"Nessuna foto profilo disponibile - Jimdo logo"},"products":{"label":"Prodotti","dropdownItems":[{"title":"Sito web","desc":"Un sito web professionale in pochi minuti","path":"/it/sito-web/come-creare-un-sito-web/"},{"title":"Shop","desc":"Inizia a vendere sul tuo shop online","path":"/it/sito-web/sito-e-commerce/"},{"title":"Dominio","desc":"Ottieni il tuo dominio personalizzato gratis per il primo anno","path":"/it/sito-web/dominio/"},{"title":"Logo","desc":"Crea il tuo logo personalizzato","path":"/it/sito-web/logo-creator/"},{"title":"Facebook e Instagram","desc":"Promuovi la tua attività su Facebook e Instagram","path":"/it/addon/vendere-facebook-instagram/"}]},"inspiration":{"label":"Galleria","link":"/it/gallery/"},"pricing":{"label":"Offerta","link":"/it/offerta/sito-web/"},"features":null,"productAgency":null,"help":{"label":"Aiuto","sections":null,"dropdownHeading":"Come possiamo aiutarti?","dropdownItems":[{"title":"Supporto online","desc":"Trova le risposte alle tue domande","path":"https://help.jimdo-dolphin.com/hc/it"},{"title":"Contatta il supporto","desc":"Il nostro team di supporto è a tua disposizione","path":"https://help.jimdo-dolphin.com/hc/it/articles/360000911966-Come-contatto-il-supporto-"}]}},{"lang":"fr-FR","homeLink":"/fr/","logOut":{"label":"Fermer la session","link":"https://dash.e.jimdo.com/logout"},"website":null,"onlineshop":null,"businessTools":null,"blog":{"label":"Blog","sections":null,"link":"/fr/blog/"},"dashboard":{"label":"Tableau de bord","link":"https://dash.e.jimdo.com/"},"logIn":{"label":"Connexion","link":"https://account.e.jimdo.com/fr/login/"},"signUp":{"label":"S'inscrire","link":"https://account.e.jimdo.com/fr/signup/"},"avatar":{"altProfile":"photo de profil","altFallback":"Photo de profil non disponible - Jimdo logo"},"products":{"label":"Produits","dropdownItems":[{"title":"Site","desc":"Un site professionnel en quelques minutes","path":"/fr/site-internet/creer-son-site/"},{"title":"E-boutique","desc":"Réalisez vos premières ventes avec votre e-boutique","path":"/fr/site-internet/vente-en-ligne/"},{"title":"Domaine personnalisé","desc":"Bénéficiez d'un domaine personnalisé gratuit la première année","path":"/fr/site-internet/nom-de-domaine/"},{"title":"Logo","desc":"Créez un logo personnalisé","path":"/fr/site-internet/logo-creator/"},{"title":"Facebook & Instagram","desc":"Promouvez votre activité sur Facebook et Instagram","path":"/fr/addon/vendre-facebook-instagram/"}]},"inspiration":{"label":"Inspiration","link":"/fr/exemples/"},"pricing":{"label":"Offres","link":"/fr/offres/site/"},"features":null,"productAgency":null,"help":{"label":"Aide","sections":null,"dropdownHeading":"Comment pouvons-nous vous aider ?","dropdownItems":[{"title":"Centre d'aide","desc":"Trouvez réponse à vos questions","path":"https://help.jimdo-dolphin.com/hc/fr"},{"title":"Contacter le support","desc":"Notre équipe support est là pour vous","path":"https://help.jimdo-dolphin.com/hc/fr/articles/360000911966-Comment-contacter-le-support-"}]}},{"lang":"ja-JP","homeLink":"/jp/","logOut":{"label":"ログアウト","link":"https://dash.e.jimdo.com/logout"},"website":null,"onlineshop":null,"businessTools":null,"blog":null,"dashboard":{"label":"ダッシュボード","link":"https://dash.e.jimdo.com/"},"logIn":{"label":"ログイン","link":"https://account.e.jimdo.com/ja/login/"},"signUp":{"label":"登録する","link":"https://account.e.jimdo.com/ja/signup/"},"avatar":{"altProfile":"profile picture","altFallback":"No profile picture available - Jimdo logo"},"products":{"label":"プロダクト","dropdownItems":[{"title":"ジンドゥー AI ビルダー","desc":"本格的なホームページが短時間で作成できます。","path":"/jp/ai-builder/"},{"title":"ジンドゥークリエイター","desc":"自分で一から作り上げるホームページ","path":"/jp/creator/"},{"title":"独自ドメインの取得","desc":"独自ドメインを取得してご利用いただけます。","path":"/jp/domains/"}]},"inspiration":{"label":"ユーザー事例","link":"/jp/examples/"},"pricing":{"label":"プラン","link":"/jp/pricing/"},"features":null,"productAgency":{"label":"ジンドゥーサブスク","link":"/jp/subscription/"},"help":{"label":"ヘルプ","sections":null,"dropdownHeading":"お困りですか？","dropdownItems":[{"title":"AI ビルダーサポート","desc":null,"path":"https://help.jimdo-dolphin.com/hc/ja"},{"title":"クリエイターサポート","desc":null,"path":"https://help.jimdo.com/hc/ja"},{"title":"お問い合わせ","desc":null,"path":"https://www.jimdo.com/jp/support/"}]}}]}}}}